taxon,common name,status,jepson id,calrecnum,inat id,RPI ID,CRPR,CESA
Abronia latifolia,yellow sand verbena,N,11552,13,52618
Abronia umbellata var. umbellata,beach sand verbena,N,75287,10748,53800
Abutilon theophrasti,velvet-leaf,X,11605,26,60214
Acacia baileyana,Cootamundra wattle,X,11625,27,55345
Acacia cyclops,,X,11632,28,75249
Acacia dealbata,silver wattle,X,11633,29,53343
Acacia longifolia,golden wattle,X,11642,34,63379
Acacia melanoxylon,blackwood acacia,X,11646,36,53344
Acacia paradoxa,kangaroothorn,X,11654,37,75251
Acacia redolens,,X,11661,8999,75254
Acacia retinodes,everblooming acacia,X,11662,39,57040
Acacia verticillata,star acacia,X,11680,40,57037
Acaena californica,California sheepburr,N,11685,14543,61224
Acanthomintha lanceolata,Santa Clara thornmint,N,11726,50,61794,71,4.2
Acer campestre,hedge maple,X,11732,8451,56193
Acer macrophyllum,big-leaf maple,N,11746,59,48227
Acer negundo,box elder,N,11747,9644,47726
Achillea millefolium,yarrow,N,678,61,52821
Achyrachaena mollis,blow-wives,N,703,85,56852
Acmispon americanus var. americanus,Spanish-clover,N,91832,11269,57053
Acmispon brachycarpus,woolly trefoil,N,91705,11276,57047
Acmispon denticulatus,meadow trefoil,N,91708,11279,60194
Acmispon glaber var. glaber,California broom,N,91825,11282,58900
Acmispon junceus var. biolettii,,N,91830,11290,80314
Acmispon parviflorus,least trefoil,N,91717,11299,57048
Acmispon strigosus,,N,91722,11305,58152
Acmispon wrangelianus,common trefoil,N,82483,11306,57050
Actaea rubra,baneberry,N,11894,93,49870
Adelinia grandis,hound's tongue,N,101954,14544,769151
Adenocaulon bicolor,American trailplant,N,721,94,56854
Adenostoma fasciculatum,chamise,N,11939,97,47146
Adiantum aleuticum,five-finger fern,N,11945,100,52667
Adiantum jordanii,California maidenhair,N,11955,102,56032
Aegilops triuncialis,barbed goatgrass,X,11997,107,60272
Aesculus californica,California buckeye,N,12026,111,53348
Ageratina adenophora,,X,735,117,64114
Agoseris apargioides var. apargioides,,N,6310,122,58797
Agoseris grandiflora var. grandiflora,,N,79217,10490,80331
Agoseris heterophylla,,N,794,132,56856
Agoseris retrorsa,,N,797,133,57908
Agrostis avenacea,blown grass,X,12268,138,288066
Agrostis capillaris,colonial bent,X,12276,140,75312
Agrostis exarata,spike redtop,N,12284,143,59088
Agrostis hallii,,N,12290,146,57155
Agrostis microphylla,,N,12307,151,60277
Agrostis pallens,seashore bentgrass,N,12310,153,52692
Agrostis stolonifera,creeping bentgrass,X,12321,156,69931
Ailanthus altissima,tree of heaven,X,12354,161,57278
Aira caryophyllea,silver hairgrass,X,12357,162,52694
Aira elegans,,X,12358,11316,75321
Alisma lanceolatum,water plantain,X,12461,169,71065
Alisma triviale,water plantain,N,12464,9659,61167
Allenrolfea occidentalis,iodine bush,N,12469,171,58109
Allium acuminatum,taper tipped onion,N,12504,174,59782
Allium amplectens,,N,12506,175,60267
Allium bolanderi var. bolanderi,Bolander's onion,N,53763,182,80339
Allium crispum,crinkled onion,N,12555,187,58351
Allium falcifolium,sickle-leaved onion,N,12566,191,47356
Allium neapolitanum,white garlic,X,12605,214,61475
Allium paniculatum var. paniculatum,,X,76535,219,80349
Allium peninsulare var. peninsulare,Mexicali onion,N,53816,225,80351
Allium serra,jeweled onion,N,12640,232,59784
Allium sharsmithiae,Sharsmith's onion,N,76536,233,75364,83,1B.3
Allium triquetrum,three-cornered leek,X,12655,238,55505
Allium unifolium,one leaf onion,N,12657,240,59781
Allophyllum divaricatum,purple false gilia,N,12696,244,56738
Allophyllum gilioides subsp. gilioides,dense false gilia,N,49079,246,58962
Allophyllum gilioides subsp. violaceum,,N,49080,247,58963
Alnus rhombifolia,white alder,N,12722,252,53351
Alnus rubra,red alder,N,12723,253,56034
Alopecurus myosuroides,slender meadow foxtail,X,12751,261,75383
Alopecurus saccatus,Pacific foxtail,N,12755,263,58364
Amaranthus albus,pigweed,X,12892,271,57893
Amaranthus blitoides,tumbleweed amaranth,N,12900,273,58774
Amaranthus californicus,California amaranth,N,12907,274,58775
Amaranthus deflexus,,X,12917,277,75393
Amaranthus hybridus,,X,12924,280,75395
Amaranthus palmeri,,N,12933,281,75397
Amaranthus powellii,,N,12936,282,75398
Amaranthus retroflexus,rough pigweed,X,12941,283,58776
Amaryllis belladonna,naked-lady,X,12964,8632,61827
Ambrosia chamissonis,beach-bur,N,812,292,71135
Ambrosia psilostachya,western ragweed,N,12969,298,60129
Amelanchier utahensis,service-berry,N,13008,304,61099
Ammannia coccinea,,N,13031,306,60210
Amsinckia eastwoodiae,,N,13127,322,75422
Amsinckia grandiflora,large-flowered fiddleneck,N,13130,323,75424,4,1B.1,CE
Amsinckia intermedia,fiddleneck,N,13131,11324,49141
Amsinckia lunaris,bent-flower fiddleneck,N,13139,324,75425,5,1B.2
Amsinckia lycopsoides,,N,13140,325,58048
Amsinckia menziesii,rancher's fireweed,N,13145,326,55436
Amsinckia tessellata var. gloriosa,,N,77019,333,80365
Amsinckia tessellata var. tessellata,devil's lettuce,N,77020,334,58852
Amsinckia vernicosa,,N,13155,335,58051
Anaphalis margaritacea,pearly everlasting,N,846,341,52833
Ancistrocarphus filagineus,woolly fishhook,N,849,345,50795
Androsace elongata subsp. acuta,,N,49111,348,58299,1799,4.2
Anemopsis californica,yerba mansa,N,13392,360,60241
Angelica californica,,N,13406,364,75448
Anisocarpus madioides,,N,77551,10770,53137
Anthemis cotula,"mayweed,dog-fennel",X,1067,392,52841
Anthriscus caucalis,bur-chervil,X,13523,396,52846
Antirrhinum kelloggii,,N,13568,401,165675
Antirrhinum majus,snapdragon,X,13557,404,48969
Antirrhinum thompsonii,Sierra snapdragon,N,108978,14286,168306
Antirrhinum vexillocalyculatum subsp. vexillocalyculatum,,N,88873,10499,840919
Aphanes occidentalis,,N,13608,420,866483
Aphyllon californicum subsp. jepsonii,,N,103325,13438,802459
Aphyllon fasciculatum,clustered broom-rape,N,100018,13441,802543
Aphyllon pinorum,pinewoods broom-rape,N,13618,13445,802557
Aphyllon purpureum,naked broom-rape,N,103312,13529,739040
Aphyllon tuberosum,bulbous broom-rape,N,13614,13446,809373
Aphyllon vallicolum,hemp broom-rape,N,103315,13450,938507
Apiastrum angustifolium,,N,13619,422,58777
Apium graveolens,celery,X,13622,423,58788
Apium nodiflorum,,X,13623,424,75489
Apocynum androsaemifolium,dogbane,N,13635,425,47359
Apocynum cannabinum,Indian-hemp,N,13639,426,58795
Aquilegia eximia,,N,13665,429,57230
Aquilegia formosa,,N,13668,430,48244
Arabidopsis thaliana,mouse-ear cress,X,13682,433,55021
Arabis blepharophylla,coast rock cress,N,13690,436,60983,182,4.3
Aralia californica,elk-clover,N,13860,504,52848
Arbutus menziesii,Pacific madrone,N,13872,506,51046
Arceuthobium campylopodum,western dwarf mistletoe,N,13881,510,55422
Arctostaphylos auriculata,Mt. Diablo manzanita,N,13905,533,48023,203,1B.3
Arctostaphylos crustacea subsp. crustacea,,N,89190,11337,79587
Arctostaphylos crustacea subsp. rosei,,N,91854,11338,79590
Arctostaphylos glandulosa subsp. glandulosa,Eastwood manzanita,N,49170,552,53354
Arctostaphylos glauca,greatberry manzanita,N,13926,556,55133
Arctostaphylos manzanita subsp. laevigata,Contra Costa manzanita,N,49185,574,61922,39,1B.2
Arctostaphylos manzanita subsp. manzanita,,N,49186,575,55136
Arctostaphylos pallida,pallid manzanita,N,13962,594,53355,33,1B.1,CE
Argemone munita,prickly poppy,N,14117,657,58950
Argyranthemum foeniculaceum,,X,77423,658,75554
Aristida oligantha,oldfield three-awn,N,14193,664,75562
Aristolochia californica,pipevine,N,14232,674,55190
Arnica discoidea,,N,1123,683,52851
Artemisia biennis,biennial wormwood,X,1169,703,58798
Artemisia californica,California sagebrush,N,1171,705,53357
Artemisia douglasiana,mugwort,N,1187,708,52854
Artemisia dracunculus,tarragon,N,1188,709,57912
Artemisia pycnocephala,coastal sagewort,N,1235,720,60952
Arthrocnemum subterminale,Parish's glasswort,N,14292,11352,931443
Arum italicum,,X,14303,730,61168
Arundo donax,giant reed,X,14319,732,64017
Asarum caudatum,wild-ginger,N,14334,733,52858
Asclepias californica,California milkweed,N,14357,739,51272
Asclepias cordifolia,purple milkweed,N,14360,741,62248
Asclepias fascicularis,narrow-leaf milkweed,N,14375,747,56851
Asclepias speciosa,milkweed,N,14422,751,62292
Asparagus asparagoides,,X,14480,755,64107
Asparagus officinalis subsp. officinalis,asparagus,X,77139,756,60265
Asphodelus fistulosus,onionweed,X,14494,758,75606
Aspidotis californica,California lace fern,N,14504,759,58758
Aspidotis carlotta-halliae,lace fern,N,14505,760,75607,1576,4.2
Astragalus asymmetricus,San Joaquin milkvetch,N,14702,803,58145
Astragalus didymocarpus var. didymocarpus,two-seeded milkvetch,N,54711,827,58895
Astragalus gambelianus,little blue loco,N,14840,838,57042
Astragalus tener var. tener,alkali milkvetch,N,54950,940,80442,1129,1B.2
Athyrium filix-femina var. cyclosorum,western lady fern,N,54990,959,61002
Athysanus pusillus,,N,15178,960,58069
Athysanus unilateralis,,N,15179,11354,75695
Atriplex argentea var. expansa,silverscale,N,76505,11355,80454
Atriplex coronata var. coronata,crownscale,N,55004,973,80462,1130,4.2
Atriplex depressa,brittlescale,N,76507,976,60174,1132,1B.2
Atriplex dioica,thickleaf orach,N,15275,10508,75701
Atriplex fruticulosa,ballscale,N,15211,980,58117
Atriplex lentiformis,big saltbush,N,15228,986,58118
Atriplex leucophylla,beach saltbush,N,15230,989,60994
Atriplex minuscula,lesser saltscale,N,76509,991,75710,1133,1B.1
Atriplex patula,spear orach,N,15252,996,60175
Atriplex prostrata,spearscale,X,15260,11366,60176
Atriplex rosea,tumbling orach,X,15265,1002,58121
Atriplex semibaccata,Australian saltbush,X,15267,1003,60177
Atriplex serenana var. serenana,bractscale,N,55036,1006,80470
Atriplex suberecta,sprawling saltbush,X,15272,1008,58123
Avena barbata,slender wild oat,X,15320,1017,52696
Avena fatua,wild oat,X,15321,1018,52698
Avena sterilis,,X,15325,1021,75722
Azolla filiculoides,mosquito fern,N,15380,1026,58754
Baccharis glutinosa,marsh baccharis,N,1607,11368,75727
Baccharis pilularis subsp. consanguinea,coyote brush,N,5833,11369,79638
Baccharis pilularis subsp. pilularis,,N,69898,11370,79639
Baccharis salicifolia subsp. salicifolia,"mule fat,seepwillow",N,91889,11371,79641
Balsamorhiza deltoidea,,N,1634,1047,70383
Balsamorhiza macrolepis,,N,1639,1051,69665,350,1B.2
Barbarea orthoceras,winter cress,N,15481,1057,52976
Bassia hyssopifolia,,X,15511,1060,58125
Bellardia trixago,,X,15566,1064,51286
Bellis perennis,English daisy,X,1652,1065,55563
Berberis aquifolium var. aquifolium,,N,71483,1068,126887
Berberis aquifolium var. dictyota,,N,76967,1069,775436
Berberis nervosa,Oregon grape,N,15594,1073,75756
Berberis pinnata subsp. pinnata,California barberry,N,70025,1077,58851
Berula erecta,water-parsnip,N,15614,1081,58790
Beta vulgaris subsp. maritima,sea beet,X,49427,11374,79643
Bidens frondosa,sticktight,N,1702,1086,51712
Bidens laevis,bur-marigold,N,1711,1087,75766
Blennosperma nanum var. nanum,,N,6876,1094,64152
Blepharizonia laxa,glandular big tarplant,N,80231,10792,58799
Blepharizonia plumosa,big tarplant,N,1762,1098,57915,1589,1B.1
Boechera breweri subsp. breweri,Brewer rock cress,N,85519,11382,79644
Bolboschoenus fluviatilis,river bulrush,N,80011,11419,64228
Bolboschoenus maritimus subsp. paludosus,saltmarsh bulrush,N,49436,10796,79646
Bolboschoenus robustus,seacoast bulrush,N,77450,10798,75840
Bowlesia incana,,N,15999,1133,56822
Brachypodium distachyon,false-brome,X,16042,1137,57158
Brassica juncea,India mustard,X,16072,1142,64241
Brassica nigra,black mustard,X,16079,1144,53112
Brassica oleracea,cabbage,X,16080,9040,54516
Brassica rapa,field mustard,X,16081,1145,53271
Brickellia californica,California brickelbush,N,1794,1152,58803
Briza maxima,quaking grass,X,16135,1165,57157
Briza minor,little quaking grass,X,16137,1166,57162
Brodiaea elegans subsp. elegans,harvest brodiaea,N,49461,1175,57127
Brodiaea terrestris subsp. terrestris,,N,49464,1188,59081
Bromus arenarius,Australian chess,X,16216,1191,58368
Bromus berteroanus,Chilean chess,X,16219,9740,75897
Bromus catharticus var. catharticus,rescue grass,X,85279,11433,80494
Bromus catharticus var. elatus,Chilean brome,X,85278,11434,705496
Bromus commutatus,hairy chess,X,16233,11435,75900
Bromus diandrus,ripgut brome,X,16235,1200,52702
Bromus hordeaceus,soft chess,X,16244,1202,52703
Bromus japonicus,Japanese chess,X,16250,1205,75904
Bromus laevipes,"woodland brome,Chinook brome",N,16255,1206,52704
Bromus madritensis,Spanish brome,X,16263,1207,52707
Bromus pseudolaevipes,woodland brome,N,16275,1211,75908
Bromus racemosus,smooth brome,X,16278,11440,75909
Bromus rubens,foxtail chess,X,16281,13634,59210
Bromus sitchensis var. carinatus,California brome,N,108589,13623,52700
Bromus sitchensis var. marginatus,mountain brome,N,108590,13624,159467
Bromus sitchensis var. maritimus,maritime brome,N,108591,13625,71142
Bromus sterilis,poverty brome,X,16288,1216,57163
Bromus tectorum,cheat grass,X,16290,1218,58369
Buddleja davidii,butterfly bush,X,16349,1222,75916
Cabomba caroliniana,fanwort,X,16450,8513,75921
Cakile edentula,sea rocket,X,16523,1232,52162
Cakile maritima,sea rocket,X,16531,1233,60982
Calamagrostis nutkaensis,Pacific reed grass,N,16562,1242,61063
Calamagrostis rubescens,pine reed grass,N,16577,1245,52712
Calandrinia breweri,,N,16614,1249,68636,1800,4.2
Calandrinia menziesii,red maids,N,95066,13205,400267
Calendula arvensis,field-marigold,X,1862,1252,59260
Calendula officinalis,pot-marigold,X,1863,1253,75931
California macrophylla,,N,80427,10468,60554
Callitriche heterophylla var. bolanderi,,N,55448,1257,60158
Callitriche longipedunculata,,N,16691,11443,75936
Callitriche marginata,water-starwort,N,16692,1259,58093
Callitriche trochlearis,,N,16702,1261,69994
Calochortus albus,white globe lily,N,16710,1264,51315
Calochortus argillosus,clay mariposa lily,N,76542,1268,64330
Calochortus clavatus var. pallidus,,N,55455,1275,58360
Calochortus invenustus,,N,16733,1284,64432
Calochortus luteus,yellow mariposa lily,N,16737,1290,51077
Calochortus pulchellus,Mt. Diablo fairy lantern,N,16755,1303,47326,50,1B.2
Calochortus splendens,,N,16759,1306,58361
Calochortus umbellatus,Oakland star-tulip,N,16769,1311,51054,55,4.2
Calochortus venustus,,N,16772,1313,53902
Caltha palustris,marsh-marigold,X,16802,8708,56224
Calycadenia multiglandulosa,,N,1875,1324,56863
Calycadenia truncata,rosin weed,N,1884,1328,62567
Calystegia malacophylla subsp. pedicellata,woolly morning-glory,N,76596,1364,79655
Calystegia occidentalis subsp. occidentalis,,N,49559,1368,56086
Calystegia purpurata subsp. purpurata,,N,49560,1371,58882
Calystegia purpurata subsp. saxicola,,N,49561,1372,79656,1843,1B.2
Calystegia sepium subsp. limnophila,hedge bindweed,N,49568,1374,60182
Calystegia silvatica subsp. disjuncta,,X,78991,8524,79658
Calystegia soldanella,beach morning-glory,N,16876,1375,60880
Calystegia subacaulis subsp. subacaulis,hill morning-glory,N,49576,1379,57014
Camissonia campestris subsp. campestris,Mojave suncup,N,49602,1401,56781
Camissonia contorta,,N,16910,1420,58216
Camissonia strigulosa,,N,16947,1453,56779
Camissoniopsis cheiranthifolia subsp. cheiranthifolia,dune suncup,N,89240,11448,79666
Camissoniopsis hirtella,,N,89201,11453,75980
Camissoniopsis intermedia,,N,89203,11455,75982
Camissoniopsis micrantha,,N,89206,11458,75985
Campanula exigua,chaparral harebell,N,16965,1461,1342787,265,1B.2
Campanula griffinii,,N,16970,1462,1342789
Capsella bursa-pastoris,shepherd's purse,X,17109,1472,56121
Cardamine californica,"milkmaids,tooth wort",N,76456,1479,49651
Cardamine hirsuta,,X,17158,1486,55829
Cardamine oligosperma,,N,17171,1493,52981
Carduus pycnocephalus subsp. pycnocephalus,Italian thistle,X,82221,11464,79672
Carduus tenuiflorus,,X,1902,1505,53007
Carex aquatilis var. dives,,N,55640,1515,80511
Carex barbarae,,N,17289,1520,59045
Carex brevicaulis,,N,17307,1523,494319
Carex comosa,bristly sedge,N,17339,1530,76025,1606,2B.1
Carex densa,,N,17373,1535,61177
Carex globosa,,N,17450,1554,61176
Carex gracilior,,N,17453,1555,76042
Carex harfordii,Harford's sedge,N,17474,1558,61001
Carex heteroneura,,N,17487,1563,76049
Carex laeviculmis,smooth stem sedge,N,17535,1575,76062
Carex leporina,,N,17557,11472,76067
Carex leptopoda,,N,17564,11473,76070
Carex multicostata,,N,17642,1599,69929
Carex nebrascensis,,N,17650,1600,76081
Carex nudata,,N,17676,1605,76085
Carex obnupta,,N,17680,1607,61000
Carex pachystachya,,N,17697,1610,76089
Carex pellita,woolly sedge,N,74511,9052,76091
Carex pendula,,X,80276,10523,49365
Carex praegracilis,deer-bed sedge,N,17745,1616,60255
Carex senta,,N,17827,1629,76106
Carex serratodens,,N,17829,1630,59050
Carex subbracteata,,N,17866,1638,64315
Carex tumulicola,,N,17908,1645,64183
Carex unilateralis,lateral sedge,N,17915,1646,76123
Carpobrotus chilensis,sea fig,X,77164,1659,56026
Carpobrotus edulis,freeway iceplant,X,17975,1660,49322
Castilleja affinis subsp. affinis,Indian paintbrush,N,70068,1669,50043
Castilleja ambigua subsp. ambigua,johnny-nip,N,49732,1673,61110,3361,4.2
Castilleja applegatei subsp. martinii,,N,76733,1679,1041230
Castilleja attenuata,valley tassels,N,18175,1683,49341
Castilleja densiflora subsp. densiflora,owl's-clover,N,49740,1691,61233
Castilleja exserta subsp. exserta,purple owl's-clover,N,49744,1695,59012
Castilleja exserta subsp. latifolia,,N,49745,1696,61109
Castilleja foliolosa,woolly paintbrush,N,18205,1698,56760
Castilleja rubicundula subsp. lithospermoides,cream sacs,N,49761,1729,57269
Castilleja subinclusa subsp. franciscana,,N,76740,1733,53916
Castilleja subinclusa subsp. subinclusa,,N,74693,1734,53917
Castilleja wightii,Wight's paintbrush,N,18332,1738,67809
Caulanthus flavescens,,N,18399,11482,76161
Caulanthus lasiophyllus,California mustard,N,18404,11483,76165
Caulanthus lemmonii,,N,18406,9777,71133,1864,1B.2
Ceanothus cuneatus var. cuneatus,buck brush,N,75440,1771,49672
Ceanothus foliosus,wavy leaved ceanothus,N,18446,1779,64077
Ceanothus leucodermis,chaparral whitethorn,N,18466,1803,76182
Ceanothus oliganthus var. sorediatus,jim brush,N,56109,1813,53361
Ceanothus thyrsiflorus,blue blossom,N,18501,1830,56617
Centaurea calcitrapa,purple star-thistle,X,1922,1845,56865
Centaurea cyanus,"bachelor's button,cornflower",X,1925,1846,933404
Centaurea iberica,Iberian starthistle,X,1931,1849,76212
Centaurea melitensis,tocalote,X,1934,1851,57922
Centaurea solstitialis,yellow star-thistle,X,1946,1853,52588
Centranthus ruber,red valerian,X,18595,1864,57283
Centromadia fitchii,Fitch's spikeweed,N,77593,10809,58804
Centromadia parryi subsp. congdonii,Congdon's tarplant,N,77575,8896,58808,1689,1B.1
Centromadia pungens subsp. pungens,common spikeweed,N,80173,9544,64196
Cephalanthus occidentalis,button bush,N,18612,9794,52763
Cerastium fontanum subsp. vulgare,,X,49818,1872,1005385
Cerastium glomeratum,mouse-ear chickweed,X,18675,1873,52973
Ceratophyllum demersum,hornwort,N,18711,1874,60997
Cercocarpus betuloides var. betuloides,mountain-mahogany,N,71734,1879,59001
Cestrum parqui,Chilean jessamine,X,18790,8746,76226
Chaenactis glabriuscula var. glabriuscula,yellow pincushion,N,6951,1899,57924
Chaenactis glabriuscula var. heterocarpha,yellow pincushion,N,6954,1900,80548
Chasmanthe floribunda,African cornflag,X,19045,1951,56028
Chenopodium album,lamb's quarters,X,19131,1962,58127
Chenopodium berlandieri,pitseed goosefoot,N,19144,1966,58879
Chenopodium californicum,California pigweed,N,19155,1968,878230
Chenopodium macrospermum,coast goosefoot,X,19179,9069,76280
Chenopodium murale,sowbane,X,19182,1983,514012
Chenopodium rubrum,red goosefoot,N,19200,1988,931679
Chenopodium vulvaria,stinking goosefoot,X,19212,1991,76288
Chlorogalum pomeridianum var. minus,dwarf soaproot,N,56470,2005,80562,1618,1B.2
Chlorogalum pomeridianum var. pomeridianum,"soap plant,amole",N,56471,2006,59082
Chloropyron maritimum subsp. palustre,Pt. Reyes bird's-beak,N,93766,11259,79707,175,1B.2
Chloropyron molle subsp. hispidum,hispid bird's-beak,N,93770,11260,79708,176,1B.1
Chloropyron molle subsp. molle,soft bird's-beak,N,93771,11261,79709,177,1B.2,CR
Chloropyron palmatum,palmate bird's-beak,N,93768,11256,76298,502,1B.1,CE
Chorizanthe cuspidata var. cuspidata,San Francisco spineflower,N,56484,2025,80569,1620,1B.2
Chorizanthe membranacea,pink spineflower,N,19342,2034,58260
Chorizanthe polygonoides var. polygonoides,knotweed spineflower,N,56497,2043,64181
Chorizanthe robusta var. robusta,robust spineflower,N,56504,2054,80576,475,1B.1
Chorizanthe uniaristata,1-awned spineflower,N,19361,2058,58263
Chrysolepis chrysophylla var. minor,golden chinquapin,N,56512,2071,53365
Cicendia quadrangularis,Oregon timwort,N,19440,2105,57087
Cichorium intybus,chicory,X,2087,2107,52913
Cicuta douglasii,water hemlock,N,19447,2109,76338
Cicuta maculata var. bolanderi,water hemlock,N,56538,2111,60118,2178,2B.1
Cirsium andrewsii,Franciscan thistle,N,2094,2116,55294,479,1B.2
Cirsium brevistylum,Indian thistle,N,2110,2119,52993
Cirsium cymosum var. cymosum,peregrine thistle,N,85528,11529,80584
Cirsium douglasii var. douglasii,swamp thistle,N,7046,2127,80586
Cirsium fontinale var. campylon,Hamilton thistle,N,77400,2129,59750,480,1B.2
Cirsium occidentale var. californicum,California thistle,N,77401,2140,52622
Cirsium occidentale var. occidentale,cobweb thistle,N,7069,2143,52623
Cirsium occidentale var. venustum,venus thistle,N,56557,2144,52624
Cirsium quercetorum,brownie thistle,N,2232,2146,60954
Cirsium remotifolium var. odontolepis,,N,7076,11533,80596
Cirsium vulgare,bull thistle,X,2285,2151,52989
Citrullus lanatus var. citroides,watermelon,X,56575,9813,841204
Clarkia affinis,chaparral clarkia,N,19563,2159,58943
Clarkia biloba subsp. biloba,twolobe clarkia,N,49891,2168,51857
Clarkia breweri,Brewer's clarkia,N,19571,2174,56067,159,4.2
Clarkia concinna subsp. automixa,Santa Clara red ribbons,N,49895,2176,51856,1629,4.3
Clarkia concinna subsp. concinna,red ribbons,N,49896,2177,51855
Clarkia franciscana,Presidio clarkia,N,19579,2187,61899,162,1B.1,CE
Clarkia gracilis subsp. gracilis,slender clarkia,N,49901,2190,61896
Clarkia modesta,,N,19588,2200,58946
Clarkia purpurea subsp. purpurea,purple clarkia,N,49906,2207,79741
Clarkia purpurea subsp. quadrivulnera,four-spot,N,49907,2208,57146
Clarkia purpurea subsp. viminea,four-spot,N,49908,2209,57147
Clarkia rubicunda,farewell-to-spring,N,19597,2212,57148
Clarkia tembloriensis subsp. tembloriensis,temblor range clarkia,N,49915,2223,79746
Clarkia unguiculata,elegant clarkia,N,19605,2224,51735
Claytonia exigua subsp. exigua,little spring beauty,N,76950,2232,57234
Claytonia exigua subsp. glauca,,N,76949,2233,57229
Claytonia gypsophiloides,candy stripers,N,19620,2234,55344
Claytonia parviflora subsp. parviflora,,N,74695,2242,58296
Claytonia perfoliata subsp. mexicana,,N,76956,2245,53004
Claytonia perfoliata subsp. perfoliata,Miner's lettuce,N,49921,2246,53002
Claytonia rubra subsp. depressa,red stem spring beauty,N,76957,2248,79751
Clematis lasiantha,pipestems,N,19682,2254,49876
Clematis ligusticifolia,virgin's bower,N,19683,2255,58996
Clinopodium douglasii,yerba buena,N,80483,11541,53203
Clintonia andrewsiana,,N,19850,2265,51647
Collinsia bartsiifolia var. bartsiifolia,,N,56710,2272,80607
Collinsia bartsiifolia var. davidsonii,,N,56711,2273,58330
Collinsia heterophylla,Chinese houses,N,19994,2280,47325
Collinsia parviflora,blue-eyed mary,N,20000,2285,59013
Collinsia sparsiflora var. collina,,N,56722,2290,57290
Collinsia sparsiflora var. sparsiflora,,N,56723,2291,64295
Collinsia tinctoria,,N,20008,2293,51850
Collomia diversifolia,serpentine collomia,N,20020,2299,62230,126,4.3
Collomia heterophylla,,N,20022,2301,52996
Conium maculatum,poison hemlock,X,20136,2317,52998
Consolida ajacis,,X,20161,9821,76430
Convolvulus arvensis,bindweed,X,20203,2321,53021
Convolvulus simulans,,N,20208,2322,76433,1636,4.2
Corallorhiza maculata var. maculata,spotted coralroot,N,75479,11545,80614
Corallorhiza striata,striped coralroot,N,20264,2331,50708
Cordylanthus nidularius,Mt. Diablo bird's-beak,N,20318,2347,76440,178,1B.1,CR
Cordylanthus pilosus subsp. pilosus,,N,49973,2352,57275
Cordylanthus rigidus subsp. rigidus,,N,49981,2359,59014
Cordyline australis,cabbage tree,X,80712,9076,50191
Corethrogyne filaginifolia,,N,2375,9825,58014
Cornus glabrata,brown dogwood,N,20396,2386,57013
Cornus sericea subsp. occidentalis,western dogwood,N,49997,2389,53366
Cornus sericea subsp. sericea,American dogwood,N,49998,2390,53367
Cortaderia jubata,pampas grass,X,20427,2394,52714
Cortaderia selloana,pampas grass,X,20429,2395,64240
Corylus cornuta subsp. californica,California hazelnut,N,80489,10818,53368
Cotoneaster franchetii,,X,20511,2401,1319212
Cotoneaster lacteus,,X,77520,8714,411074
Cotoneaster pannosus,,X,20517,2402,53375
Cotula australis,,X,2391,2403,53025
Cotula coronopifolia,brass-buttons,X,2392,2404,58812
Crassula aquatica,water pygmy-weed,N,20581,2406,58135
Crassula connata,pygmy-weed,N,20582,2407,57016
Crassula solieri,pygmy-weed,N,20589,2409,76466
Crassula tillaea,,X,20590,2410,58883
Crataegus monogyna,hawthorn,X,20843,8429,51147
Crepis bursifolia,,X,2399,2416,76473
Crepis capillaris,,X,2400,2417,54050
Crepis monticola,,N,2405,2420,76476
Crepis vesicaria subsp. taraxacifolia,,X,5983,2428,56870
Cressa truxillensis,alkali weed,N,21017,2429,58133
Crocanthemum scoparium var. vulgare,peak rush-rose,N,95272,13180,1045000
Crocidium multicaule,spring gold,N,2425,2430,57524
Crocosmia ×crocosmiiflora,montbretia,X,77150,2431,181465
Croton californicus,,N,21120,2434,76484
Croton setiger,turkey mullein,N,21159,13184,154156
Crypsis schoenoides,swamp grass,X,21182,2439,773038
Crypsis vaginiflora,,X,21183,2440,773022
Cryptantha clevelandii var. florosa,,N,57120,11565,1045003
Cryptantha flaccida,,N,21228,2460,56989
Cryptantha juniperensis,rigid cryptantha,N,103476,14557,769572
Cryptantha micromeres,,N,21263,2476,770232
Cryptantha microstachys,,N,21264,2477,57696
Cryptantha muricata var. muricata,,N,57145,11573,80632
Cryptantha nemaclada,,N,21271,2481,57705
Cryptantha torreyana var. pumila,dwarf cryptantha,N,57161,11578,57697
Cucurbita foetidissima,calabazilla,N,21361,2510,58138
Cuscuta californica var. californica,,N,57184,2531,57026
Cuscuta campestris,field dodder,N,21462,10823,76545
Cuscuta indecora var. indecora,large-seeded dodder,N,57197,2537,80642
Cuscuta japonica var. formosana,Japanese dodder,X,82049,10549,80643
Cuscuta occidentalis,,N,21423,10825,76552
Cuscuta pacifica var. pacifica,,N,89286,11581,80645
Cuscuta salina,,N,21469,2540,64204
Cuscuta subinclusa,canyon dodder,N,21426,2544,76556
Cyclospermum leptophyllum,marsh-parsley,X,88944,9082,76563
Cymbalaria muralis,Kenilworth-ivy,X,21640,2552,55727
Cynara cardunculus,"artichoke thistle,cardoon",X,2433,2568,57563
Cynodon dactylon,Bermuda grass,X,21743,2570,58371
Cynosurus echinatus,dogtail grass,X,21767,2577,47695
Cyperus difformis,,X,21811,2580,59051
Cyperus eragrostis,,N,21820,2581,59055
Cyperus erythrorhizos,,N,21822,2582,59060
Cyperus esculentus,yellow nut sedge,NC,21824,2583,76584
Cyperus involucratus,umbrella-sedge,X,21853,2585,414284
Cyperus niger,,N,21881,2588,76591
Cyperus odoratus,,N,21885,2589,63329
Cyperus strigosus,,N,21948,2593,59063
Cypselea humifusa,,X,21994,2597,1355489
Cystopteris fragilis,fragile fern,N,22182,2599,58755
Cytisus scoparius,Scotch broom,X,22199,2601,48538
Cytisus striatus,,X,22200,2602,76598
Dactylis glomerata,orchard grass,X,22210,2603,52720
Danthonia californica,California oatgrass,N,22319,2610,57165
Datisca glomerata,durango root,N,22377,2618,58888
Datura stramonium,jimson weed,X,22387,2621,55854
Datura wrightii,,N,22389,2622,58331
Daucus carota,Queen Anne's lace,X,22394,2623,76610
Daucus pusillus,,N,22395,2624,56726
Deinandra bacigalupii,Livermore moonshine,N,77607,9090,58817,1890,1B.1,CE
Deinandra corymbosa,,N,77598,9855,60956
Deinandra kelloggii,,N,79196,10829,76615
Deinandra lobbii,,N,77606,10830,58813
Delairea odorata,German-ivy,X,80449,9623,53208
Delphinium californicum subsp. interius,California larkspur,N,50073,2632,51859,551,1B.2
Delphinium decorum subsp. decorum,coast larkspur,N,50079,2635,79784
Delphinium gypsophilum,gypsum-loving larkspur,N,22476,2640,56068
Delphinium hansenii subsp. hansenii,Hansen's larkspur,N,50088,2645,79787
Delphinium hesperium subsp. hesperium,western larkspur,N,50091,2649,57238
Delphinium hesperium subsp. pallescens,,N,50092,2650,58997
Delphinium nudicaule,red larkspur,N,22492,2655,50642
Delphinium parryi subsp. parryi,Parry's larkspur,N,50107,2665,58999
Delphinium patens subsp. patens,spreading larkspur,N,50113,2670,57246
Delphinium recurvatum,valley larkspur,N,22516,2673,58305,222,1B.2
Delphinium variegatum subsp. variegatum,royal larkspur,N,50119,2682,50633
Dendromecon rigida,bush poppy,N,22541,2686,58224
Deschampsia cespitosa subsp. cespitosa,tufted hairgrass,N,50130,2689,61199
Deschampsia cespitosa subsp. holciformis,tufted hairgrass,N,50133,2690,61833
Deschampsia danthonioides,annual hairgrass,N,22598,2691,57164
Deschampsia elongata,slender hairgrass,N,22600,2692,52722
Descurainia pinnata subsp. brachycarpa,tansy mustard,N,50146,11596,59235
Desmazeria rigida,,X,22633,2706,288259
Dicentra formosa,bleeding heart,N,22766,2711,51048
Dichelostemma congestum,ookow,N,22850,2721,56593
Dichelostemma multiflorum,,N,22853,2723,62262
Dichelostemma volubile,twining brodiaea,N,22855,2725,59971
Dichondra donelliana,California ponysfoot,N,22863,2726,61175
Dichondra micrantha,,X,22864,8526,76650
Digitalis purpurea,foxglove,X,22930,2729,53983
Digitaria ischaemum,,X,22954,2730,76658
Digitaria sanguinalis,crabgrass,X,22962,2731,51633
Diplacus aurantiacus,bush monkeyflower,N,23077,13456,777371
Diplacus bolanderi,,N,99039,13462,771812
Diplacus douglasii,Douglas monkeyflower,N,99051,13428,771821
Diplacus rattanii,Rattan monkeyflower,N,99072,13479,771830
Diplacus tricolor,,N,99079,13482,771835
Dipsacus sativus,teasel,X,23137,2738,53028
Dipterostemon capitatus,blue dicks,N,108599,13632,1196784
Dirca occidentalis,western leatherwood,N,23143,2739,50315,567,1B.2
Distichlis spicata,saltgrass,N,23161,2743,58372
Dittrichia graveolens,stinkwort,X,2454,8482,58822
Downingia bella,,N,23273,2766,60160
Downingia cuspidata,,N,101864,2773,60163
Downingia insignis,,N,23278,2776,60164
Downingia pulchella,,N,23282,2782,60167
Draba cuneifolia,,N,23332,2798,1138678
Draba verna,spring whitlow-grass,X,23442,2816,55823
Drymocallis glandulosa var. wrangelliana,sticky cinquefoil,N,82064,11612,80681
Dryopteris arguta,coastal wood fern,N,23524,2823,52671
Duchesnea indica var. indica,mock-strawberry,X,91747,11621,243824
Dudleya cymosa subsp. cymosa,,N,50235,2845,64259
Dudleya cymosa subsp. paniculata,,N,50239,2848,61796
Dudleya farinosa,,N,23655,2852,51889
Dysphania ambrosioides,Mexican tea,X,81840,10846,76746
Dysphania botrys,Jerusaleum-oak,X,85274,10847,76748
Dysphania multifida,cut leaf pigweed,X,81841,10848,76750
Eastwoodia elegans,yellow mock aster,N,2510,2875,57967
Echinochloa colona,,X,23790,2881,76755
Echinochloa crus-galli,barnyard grass,X,23791,2882,60283
Echinochloa muricata var. microstachya,,NC,58092,9886,80690
Echinodorus berteroi,burhead,N,23812,2886,76761
Echium candicans,Pride of Madeira,X,77286,2888,57723
Eclipta prostrata,,N,2527,2892,76765
Egeria densa,Brazilian waterweed,X,23849,2893,60465
Ehrendorferia chrysantha,golden ear-drops,N,88966,9511,58952
Ehrharta erecta,Stebbins' grass,X,23854,2895,64140
Eichhornia crassipes,water-hyacinth,X,23856,2896,962637
Elatine brachysperma,waterwort,N,23917,2899,76768
Elatine californica,waterwort,N,23919,2900,58891
Eleocharis acicularis var. acicularis,needle spikerush,N,58118,2906,64313
Eleocharis macrostachya,common spikerush,N,23993,2911,59064
Eleocharis parishii,Parish spikerush,N,23997,2917,58344
Eleocharis parvula,small spikerush,N,23999,2918,76783,588,4.3
Eleocharis rostellata,,N,24012,2922,59065
Eleusine indica,goosegrass,X,24038,2924,76790
Elodea canadensis,common waterweed,N,24052,2926,76793
Elodea nuttallii,,N,24057,2927,57623
Elymus ×gouldii,,N,93810,11632,170838
Elymus caput-medusae,medusa-head rye,X,24187,11634,169522
Elymus elymoides var. elymoides,squirreltail,N,72180,11639,58377
Elymus glaucus subsp. glaucus,blue wildrye,N,50264,2937,57171
Elymus glaucus subsp. virescens,,N,50266,2939,61203
Elymus hispidus,wheatgrass,X,24153,11640,155848
Elymus mollis subsp. mollis,,N,70142,11641,118426
Elymus multisetus,big squirreltail,N,24122,2941,57167
Elymus ponticus,tall wheatgrass,X,91896,11643,1301269
Elymus stebbinsii,,N,101964,2944,63331
Elymus trachycaulus subsp. trachycaulus,slender wheatgrass,N,50280,2947,636557
Elymus triticoides,,N,24181,11648,57184
Emmenanthe penduliflora,whispering bells,N,24223,2956,58173
Emmenanthe rosea,,N,24224,14564,58919
Enemion occidentale,,N,24250,9551,76818
Enemion stipitatum,,N,24252,9552,76819
Epilobium brachycarpum,,N,24341,2983,52971
Epilobium campestre,,N,89220,11649,76827
Epilobium canum subsp. canum,California fuschia,N,50302,2985,53044
Epilobium ciliatum subsp. ciliatum,willow-herb,N,50307,2989,53045
Epilobium ciliatum subsp. watsonii,,N,50309,2991,61047
Epilobium cleistogamum,,N,76883,2993,60219
Epilobium densiflorum,,N,76884,2994,57149
Epilobium minutum,,N,24377,3006,57150
Epilobium torreyi,,N,76888,3019,58949
Epipactis gigantea,stream orchid,N,24406,3020,50715
Epipactis helleborine,,X,24407,3021,50717
Equisetum ×ferrissii,Ferriss' horsetail,N,24419,3027,181476
Equisetum arvense,common horsetail,N,24416,3022,52724
Equisetum hyemale subsp. affine,common scouring-rush,N,50315,3023,53910
Equisetum laevigatum,smooth scouring-rush,N,24427,3024,63870
Equisetum telmateia subsp. braunii,giant horsetail,N,50317,3026,57032
Eragrostis cilianensis,stink grass,X,24456,3029,76849
Eragrostis curvula,weeping lovegrass,X,24463,9905,76850
Eragrostis hypnoides,creeping lovegrass,N,24480,3031,76851
Eragrostis mexicana subsp. virescens,Chilean lovegrass,N,50320,3036,1421995
Eragrostis pectinacea var. pectinacea,Carolina lovegrass,N,58372,3040,80700
Eremalche parryi subsp. parryi,,N,50324,3049,58936
Eremothera boothii subsp. decorticans,shredding evening-primrose,N,89263,11654,79836
Eriastrum abramsii,,N,24587,3052,57203
Eriastrum ertterae,,N,99214,13079,473592,3786,1B.1,CC
Eriastrum pluriflorum,many-flowered eriastrum,N,24595,3065,58239
Ericameria arborescens,golden-fleece,N,2583,3071,63924
Ericameria linearifolia,interior goldenbush,N,2598,3085,57971
Ericameria nauseosa var. mohavensis,rabbitbrush,N,80505,11665,57936
Erigeron bonariensis,,X,2305,11666,76904
Erigeron canadensis,horseweed,N,2312,11667,76907
Erigeron foliosus var. franciscensis,,N,58408,3137,80740
Erigeron petrophilus var. petrophilus,,N,58427,3159,58825
Erigeron philadelphicus var. philadelphicus,,N,7324,9105,80752
Erigeron reductus var. angustatus,,N,58431,3166,80754
Erigeron sumatrensis,,X,91898,11669,76943
Eriobotrya japonica,loquat,X,24627,8718,76949
Eriodictyon californicum,yerba santa,N,24668,3182,57095
Eriogonum angulosum,,N,24690,3194,58266
Eriogonum covilleanum,,N,24742,3222,58269
Eriogonum fasciculatum var. foliolosum,California buckwheat,NC,58545,3246,58980
Eriogonum fasciculatum var. polifolium,,N,58546,3247,58272
Eriogonum gracile var. gracile,slender buckwheat,N,58563,3257,58982
Eriogonum inerme var. inerme,unarmed buckwheat,N,58586,9110,80799
Eriogonum luteolum var. caninum,Tiburon buckwheat,N,58623,3297,61205,733,1B.2
Eriogonum luteolum var. luteolum,,N,58624,3298,64226
Eriogonum nudum var. auriculatum,eared buckwheat,N,58650,3316,57220
Eriogonum nudum var. psychicola,Antioch Dunes buckwheat,N,80051,11183,80823,3401,1B.1
Eriogonum roseum,virgate buckwheat,N,24922,3360,58280
Eriogonum truncatum,Mt. Diablo buckwheat,N,24957,3383,77039,766,1B.1
Eriogonum umbellatum var. bahiiforme,sulfur flower,N,58755,3388,80851,1338,4.2
Eriogonum wrightii var. trachygonum,,N,58801,3413,59244
Eriophyllum confertiflorum var. confertiflorum,golden-yarrow,N,69866,3423,53397
Eriophyllum jepsonii,Jepson's woolly-sunflower,N,2816,3426,77048,776,4.3
Eriophyllum lanatum var. achilleoides,,N,7369,10587,80880
Eriophyllum staechadifolium,seaside woolly-sunflower,N,2825,3444,60963
Erodium botrys,long-beaked filaree,X,25037,3446,57090
Erodium brachycarpum,,X,25038,3447,58171
Erodium cicutarium,red-stemmed filaree,X,25041,3448,47687
Erodium malacoides,,X,76818,3451,77056
Erodium moschatum,white-stem filaree,X,25048,3452,57092
Eryngium aristulatum,Jepson's button celery,N,25070,3457,57901
Eryngium aristulatum var. aristulatum,coyote-thistle,N,58845,3458,64189
Eryngium aristulatum var. hooveri,,N,58846,3459,57904,783,1B.1
Eryngium armatum,,N,25071,3461,60950
Eryngium articulatum,,N,25073,3462,60119
Eryngium castrense,,N,25076,3463,77061
Eryngium jepsonii,,N,78144,11674,77062,3927,1B.2
Eryngium racemosum,,N,25097,3467,77066,787,1B.1,CE
Eryngium spinosepalum,,N,25099,3468,57894,788,1B.2
Erysimum capitatum var. angustatum,Contra Costa wallflower,N,58866,9942,119564,790,1B.1,CE
Erysimum capitatum var. capitatum,western wallflower,N,58866,9943,50627
Erythranthe androsacea,,N,99088,13487,771845
Erythranthe cardinalis,,N,25147,13490,319974
Erythranthe floribunda,,N,99122,13492,701582
Erythranthe guttata,,N,99131,13493,470643
Erythranthe inconspicua,small-flowered monkeyflower,N,99135,13416,771882,1092,4.3
Erythranthe latidens,,N,99144,13495,771886
Eschscholzia caespitosa,tufted poppy,N,25205,3511,58954
Eschscholzia californica,California poppy,N,25206,3512,48225
Eschscholzia rhombipetala,,N,25218,3527,77087,806,1B.1
Eucalyptus camaldulensis,red gum,X,25257,3531,64128
Eucalyptus globulus,blue gum,X,25266,3534,53398
Eucalyptus pulchella,,X,81244,10590,77091
Eucalyptus sideroxylon,red ironbark,X,25282,3537,77092
Eucalyptus tereticornis,red forest gum,X,25283,3538,58208
Eucalyptus viminalis,manna gum,X,25285,3539,77093
Eucrypta chrysanthemifolia var. chrysanthemifolia,,N,58930,3545,57350
Euonymus occidentalis var. occidentalis,burning bush,N,59093,3548,80894
Euphorbia crenulata,,N,25535,3550,77108
Euphorbia lathyris,caper spurge,X,25571,3557,77114
Euphorbia maculata,spotted spurge,X,25467,13188,58893
Euphorbia oblongata,golden spurge,X,25585,3559,77117
Euphorbia ocellata subsp. ocellata,Contura Creek sandmat,N,70181,13194,506216
Euphorbia peplus,petty spurge,X,25591,3561,57036
Euphorbia serpens,creeping spurge,X,25501,13199,200054
Euphorbia serpillifolia subsp. serpillifolia,thyme-leafed spurge,N,103502,13202,550262
Euphorbia spathulata,spatulate spurge,N,25609,3563,58894
Eurybia radulina,broad-leaf aster,N,80408,9494,52974
Euthamia occidentalis,western goldenrod,N,2933,3565,58826
Extriplex californica,California orach,N,95361,13174,470236
Extriplex joaquinana,San Joaquin saltbush,N,95362,13175,775195,208,1B.2
Fallopia japonica,Japanese knotweed,X,82464,10891,914922
Festuca arundinacea,tall fescue,X,25783,3576,164708
Festuca bromoides,,X,25855,11687,77136
Festuca californica,California fescue,N,25791,3578,57169
Festuca elmeri,Elmer fescue,N,25798,3580,64333
Festuca idahoensis,Idaho fescue,N,25808,3581,61200
Festuca microstachys,,N,25865,11688,77138
Festuca myuros,zorro grass,X,25869,11689,77140
Festuca octoflora,six-week's fescue,N,25872,11690,77141
Festuca perennis,Italian ryegrass,X,91964,11691,52801
Festuca rubra,red fescue,N,25825,3586,61061
Festuca temulenta,darnel,X,93753,11692,164712
Ficus carica,fig,X,25883,3592,60218
Foeniculum vulgare,fennel,X,25972,3603,53052
Forestiera pubescens,desert olive,N,25982,3604,58211
Fragaria vesca,wood strawberry,N,26021,3609,50298
Frangula californica subsp. californica,California coffeeberry,N,50563,10896,53429
Frangula californica subsp. tomentella,hoary coffeeberry,N,50567,10900,53428
Frankenia salina,alkali heath,N,26050,3612,58168
Fraxinus dipetala,flowering ash,N,26100,3614,58939
Fraxinus latifolia,Oregon ash,N,26105,3615,63878
Fremontodendron californicum,flannelbush,N,26127,3618,63609
Fritillaria affinis,checker lily,N,76930,3623,50618
Fritillaria agrestis,stinkbells,N,26132,3626,56794,820,4.2
Fritillaria falcata,talus fritillary,N,26145,3633,56791,823,1B.2
Fritillaria liliacea,fragrant fritillary,N,26153,3636,53054,824,1B.2
Fumaria capreolata,white ramping fumitory,X,26193,8662,57852
Fumaria officinalis,fumitory,X,26195,3647,53785
Galium andrewsii subsp. gatense,needle bedstraw,N,50593,3658,61865,1683,4.2
Galium aparine,"bedstraw,cleavers",N,26304,3669,53059
Galium californicum subsp. californicum,California bedstraw,N,50606,3676,53061
Galium divaricatum,Lamarck's bedstraw,X,76441,3688,77193
Galium murale,tiny bedstraw,X,26378,3716,59005
Galium parisiense,wall bedstraw,X,26391,3723,59006
Galium porrigens var. porrigens,climbing bedstraw,N,59354,3725,53064
Galium porrigens var. tenue,,N,59355,3726,80906
Galium tricornutum,rough corn bedstraw,X,26413,3738,53066
Galium trifidum subsp. columbianum,,N,50668,11710,61105
Galium triflorum,sweet-scented bedstraw,N,26421,3742,53065
Gamochaeta pensylvanica,,X,3040,9977,77221
Gamochaeta ustulata,featherweed,N,3048,9339,77224
Garrya elliptica,wavy-leaf silk tassel bush,N,26460,3748,53399
Garrya flavescens,ashy silk tassel,N,26462,3749,56201
Garrya fremontii,silk tassel bush,N,26464,3750,56202
Gastridium phleoides,nit grass,X,81267,9978,77225
Gaultheria shallon,salal,N,26490,3755,48441
Genista monspessulana,French broom,X,26558,3774,53403
Geranium carolinianum,Carolina geranium,N,26710,3797,58917
Geranium core-core,,X,81114,10601,77254
Geranium dissectum,cut-leaved geranium,X,26715,3799,53075
Geranium lucidum,,X,26726,8593,77255
Geranium molle,cranes-bill geranium,X,26729,3800,53076
Geranium potentilloides,,X,26735,3802,77258
Geranium purpureum,little robin,X,77514,8594,57643
Geranium robertianum,,X,26742,3806,55925
Geranium rotundifolium,,X,26743,3808,77261
Gilia achilleifolia subsp. achilleifolia,,N,50744,3813,51101
Gilia achilleifolia subsp. multicaulis,,N,50745,3814,51102
Gilia capitata subsp. capitata,,N,50764,3834,57798
Gilia capitata subsp. staminea,,N,50769,3839,57801
Gilia clivorum,,N,26880,3842,56630
Gilia tricolor subsp. diffusa,bird's-eye gilia,N,50826,3900,79920
Gilia tricolor subsp. tricolor,bird's-eye gilia,N,50827,3901,79921
Githopsis diffusa subsp. robusta,,N,50832,3908,79925
Githopsis specularioides,bluecup,N,26999,3914,58867
Glebionis segetum,corn chrysanthemum,X,81845,9501,77281
Glinus lotoides,,X,27053,3922,77283
Glyceria declinata,waxy mannagrass,X,27072,9343,77288
Glyceria leptostachya,narrow mannagrass,N,27079,3929,77292
Glycyrrhiza lepidota,wild licorice,N,27117,3933,58896
Gnaphalium palustre,lowland cudweed,N,3082,3946,57980
Gratiola ebracteata,bractless hedge hyssop,N,27292,3952,77300
Grindelia camporum,,N,3099,3956,56953
Grindelia hirsutula,,N,3107,3960,55364
Grindelia stricta var. angustifolia,marsh gumplant,N,77358,3968,61991
Gruvelia pusilla,little combseed,N,105901,14570,57694
Gutierrezia californica,California matchweed,N,3140,3977,57978
Hainardia cylindrica,,X,27553,3996,60285
Hedera canariensis,Algerian ivy,X,81236,8467,64113
Hedera helix,English ivy,X,27768,4023,55882
Hedypnois rhagadioloides,,X,99769,13134,492864
Helenium bigelovii,,N,3201,4029,61807
Helenium puberulum,sneezeweed,N,3223,4031,53092
Helianthella californica var. californica,helianthella,N,7544,4033,80923
Helianthella castanea,Diablo helianthella,N,3232,4036,64250,238,1B.2
Helianthus annuus,sunflower,N,3244,4040,57983
Helianthus californicus,California sunflower,N,3254,4042,56954
Helianthus gracilentus,,N,3280,4047,77356
Heliotropium curassavicum var. oculatum,heliotrope,N,59914,11723,80928
Helminthotheca echioides,bristly ox-tongue,X,81752,10921,61906
Hemizonia congesta subsp. lutescens,,N,80179,10922,61173
Hemizonia congesta subsp. luzulifolia,,N,102005,4070,56956
Heracleum maximum,cow parsnip,N,27996,9546,53094
Herniaria hirsuta var. cinerea,rupturewort,X,81545,10923,932806
Hesperevax acaulis var. ambusticola,fire evax,N,59934,4108,80930
Hesperevax caulescens,hogwallow starfish,N,28021,4110,60135,1931,4.2
Hesperevax sparsiflora var. sparsiflora,,N,59937,4113,61172
Hesperocnide tenella,black haired nettle,N,28033,4118,59036
Hesperocyparis macrocarpa,Monterey cypress,NC,89298,11190,322545
Hesperocyparis sargentii,Sargent cypress,N,89302,10803,83149
Hesperolinon breweri,Brewer's dwarf flax,N,28038,4121,77385,404,1B.2
Hesperolinon californicum,California dwarf flax,N,28039,4122,77386
Hesperolinon clevelandii,,N,28040,4123,77387
Hesperolinon disjunctum,,N,28043,4126,58932
Hesperolinon micranthum,,N,28045,4128,57136
Hesperomecon linearis,,N,28048,10925,77391
Heterocodon rariflorum,,N,28069,4138,58868
Heteromeles arbutifolia,toyon,N,28072,4140,53405
Heterotheca grandiflora,telegraph weed,N,3419,4142,58831
Heterotheca oregona var. rudis,Oregon goldenaster,N,7614,4146,
Heterotheca oregona var. scaberrima,goldenaster,N,7616,4147,80937
Heterotheca sessiliflora subsp. bolanderi,Bolander's goldenaster,N,74443,4151,61170
Heterotheca sessiliflora subsp. echioides,,N,74445,4152,58834
Heuchera micrantha,alumroot,N,28126,4171,51274
Hibiscus lasiocarpos var. occidentalis,rose-mallow,N,91751,11194,80940,906,1B.2
Hieracium albiflorum,white hawkweed,N,3471,4184,63937
Hirschfeldia incana,hoary mustard,X,28295,4196,53097
Hoita macrostachya,,N,28323,4198,60186
Hoita orbicularis,,N,28327,4199,77425
Hoita strobilina,,N,28328,4200,77426,1933,1B.1
Holcus lanatus,velvet grass,X,28335,4201,52793
Holcus mollis,creeping velvet grass,X,28336,4202,77427
Holocarpha heermannii,Heermann's tarweed,N,3557,4204,62568
Holocarpha macradenia,Santa Cruz tarplant,N,3558,4205,62573,907,1B.1,CE
Holocarpha obconica,,N,3559,4206,62571
Holocarpha virgata subsp. virgata,,N,6108,4210,53102
Holodiscus discolor,"cream bush,oceanspray",N,28344,4211,53414
Holozonia filipes,Greene's white crown,N,3561,4216,77430
Hordeum brachyantherum subsp. brachyantherum,meadow barley,N,76411,4219,61834
Hordeum brachyantherum subsp. californicum,California barley,N,76414,4220,59092
Hordeum depressum,low barley,N,28384,4221,58378
Hordeum jubatum subsp. jubatum,foxtail barley,N,50967,11730,79941
Hordeum marinum subsp. gussoneanum,Mediterranean barley,X,50968,4224,63879
Hordeum murinum subsp. glaucum,,X,50970,4226,61204
Hordeum murinum subsp. leporinum,,X,50971,4227,52795
Hordeum murinum subsp. murinum,,X,50972,4228,63333
Horkelia californica var. californica,California horkelia,N,81857,11731,237030
Horkelia californica var. elata,tall horkelia,N,81856,11732,80945
Horkelia californica var. frondosa,leafy horkelia,N,81858,11733,
Horkelia cuneata var. sericea,Kellogg's horkelia,N,81861,11738,80951,910,1B.1
Hornungia procumbens,,X,81333,11748,77452
Hosackia crassifolia var. crassifolia,,N,91757,11750,80960
Hosackia stipularis var. stipularis,,N,91763,11760,80965
Hydrocotyle ranunculoides,,N,28607,4281,60951
Hydrocotyle verticillata,,N,28611,4284,60121
Hydrophyllum occidentale,western waterleaf,N,28634,4287,77471
Hypericum androsaemum,,X,77418,8601,77480
Hypericum perforatum subsp. perforatum,Klamath weed,X,91766,11762,79949
Hypericum scouleri,St. John's wort,N,28801,11763,77484
Hypochaeris glabra,smooth cat's ear,X,3623,4313,53103
Hypochaeris radicata,rough cat's ear,X,3625,4314,53104
Idahoa scapigera,flat-pod,N,28891,4316,77486
Ilex aquifolium,English holly,X,28898,4317,53856
Impatiens balfourii,touch-me-not,X,28954,4320,77490
Iris douglasiana,Douglas' iris,N,29188,4346,50854
Iris foetidissima,stinking iris,X,29193,8604,64331
Iris longipetala,central coast iris,N,29293,4354,67703,3169,4.2
Iris pseudacorus,yellow flag,X,29301,4358,47779
Isocoma arguta,Carquinez goldenbush,N,3633,4369,77510,1264,1B.1
Isoetes howellii,Howell's quillwort,N,29392,4379,63823
Isolepis carinata,,N,80405,9608,77515
Isolepis cernua,,N,79218,9605,60257
Iva axillaris,poverty weed,N,3654,10020,58837
Jaumea carnosa,,N,3667,4424,60969
Juglans californica,Southern California black walnut,N,29566,,54503,1704,4.2
Juncus acuminatus,tapered rush,N,29592,4432,77549
Juncus ambiguus,frog rush,X,29601,4434,436606
Juncus articulatus subsp. articulatus,jointed rush,N,91767,11773,79958
Juncus balticus subsp. ater,wire rush,N,81588,11774,79959
Juncus bufonius var. bufonius,toad rush,N,60331,4442,57107
Juncus capitatus,dwarf rush,X,29625,4446,60261
Juncus effusus subsp. pacificus,Pacific rush,N,79529,11776,57108
Juncus elliottii,,X,29650,13531,164261
Juncus gerardi subsp. gerardi,mud rush,X,91768,13235,320881
Juncus lescurii,San Francisco rush,N,29675,10615,164270
Juncus mexicanus,Mexican rush,N,29687,4481,58348
Juncus occidentalis,western rush,N,76520,4484,61826
Juncus oxymeris,pointed rush,N,29699,4486,77588
Juncus patens,blue rush,N,29701,4488,52798
Juncus phaeocephalus var. paniculatus,panicled rush,N,60392,4490,59075
Juncus phaeocephalus var. phaeocephalus,brown-headed rush,N,60393,4491,61036
Juncus tenuis,poverty rush,N,29725,4496,69930
Juncus xiphioides,iris-leaved rush,N,29743,4502,57110
Juniperus californica,California juniper,N,29749,4503,57889
Keckiella breviflora var. breviflora,,N,75718,4520,59015
Keckiella corymbosa,,N,29883,4523,62043
Kickxia elatine,fluellin,X,29898,4532,64332
Kickxia spuria,fluellin,X,29899,4533,64191
Kniphofia uvaria,,X,29921,8635,56035
Koeleria gerardi,annual junegrass,X,29957,13237,77610
Koeleria macrantha,junegrass,N,29951,4539,57183
Kopsiopsis strobilacea,California ground-cone,N,93802,11786,77612
Lactuca saligna,,X,3688,4549,53105
Lactuca serriola,prickly lettuce,X,3690,4550,53107
Lactuca virosa,,X,3697,4552,53108
Laennecia coulteri,,N,3698,9509,57937
Lagophylla ramosissima,hare's-ear,N,3719,4556,56965
Lamarckia aurea,goldentop,X,30147,4560,58379
Lamium amplexicaule,henbit,X,30151,4561,55459
Landoltia punctata,dotted duckmeat,N,81823,9632,77623
Lapsana communis,,X,3721,4572,55981
Lastarriaea coriacea,,N,30284,4575,58287
Lasthenia californica subsp. californica,goldfields,N,79084,10039,79970
Lasthenia conjugens,Contra Costa goldfields,N,3729,4579,77629,951,1B.1
Lasthenia ferrisiae,,N,3732,4582,57996,1301,4.2
Lasthenia fremontii,goldfields,N,3733,4583,57997
Lasthenia glaberrima,goldfields,N,3734,4584,60137
Lasthenia glabrata subsp. glabrata,,N,6125,4587,64193
Lasthenia gracilis,,N,79082,9143,56761
Lasthenia maritima,Farallon weed,N,3738,4592,64253
Lasthenia microglossa,,N,3739,4593,58001
Lasthenia minor,,N,3740,4594,58002
Lasthenia platycarpha,,N,3741,4595,60138
Lathyrus jepsonii var. californicus,,N,76680,4607,81010
Lathyrus jepsonii var. jepsonii,delta tule pea,N,76681,4608,81011,956,1B.2
Lathyrus latifolius,perennial sweet-pea,X,30318,4613,61009
Lathyrus vestitus var. vestitus,Pacific pea,N,75728,4629,53109
Layia chrysanthemoides,,N,3745,4636,60139
Layia gaillardioides,,N,3748,4639,64246
Layia hieracioides,,N,3751,4642,58838
Layia platyglossa,tidy-tips,N,3757,4649,50876
Leersia oryzoides,rice cutgrass,N,30431,4652,64177
Legenere limosa,false Venus' looking glass,N,30433,4653,60168,965,1B.1
Lemna gibba,,N,30457,4656,63913
Lemna minor,common duckweed,N,30458,4657,54518
Lemna minuta,least duckweed,N,30461,10044,59076
Lemna valdiviana,pale duckweed,N,30468,4661,59077
Lepechinia calycina,pitcher sage,N,30500,4666,57114
Lepidium acutidens,,N,30533,11788,77661
Lepidium appelianum,white-top,X,80388,10938,77662
Lepidium chalepense,lens podded hoary cress,X,89305,11789,891469
Lepidium coronopus,swine cress,X,91770,11790,77665
Lepidium dictyotum,,N,30532,4677,58080
Lepidium didymum,wart cress,X,30511,10940,60987
Lepidium draba,hoary cress,X,30510,10943,63352
Lepidium latifolium,perennial pepperweed,X,30544,4691,60153
Lepidium latipes,dwarf peppergrass,N,30545,4692,60154
Lepidium nitidum,shining peppergrass,N,30549,4699,47202
Lepidium oblongum,,N,30550,4703,77671
Lepidium oxycarpum,,N,30553,4706,60155
Lepidium pinnatifidum,,X,30556,4708,77673
Lepidium strictum,,N,30566,4710,58865
Lepidospartum squamatum,California broomsage,N,3776,4718,58010
Leptochloa fusca subsp. fascicularis,bearded sprangletop,N,80525,11795,1377298
Leptochloa fusca subsp. uninervia,Mexican sprangletop,N,80527,11796,1377299
Leptosiphon ambiguus,serpentine linanthus,N,80953,8945,58970,1717,4.2
Leptosiphon androsaceus,,N,81151,9556,58969
Leptosiphon aureus,,N,84733,10055,854272,1716,4.2
Leptosiphon bicolor,bicolored linanthus,N,81148,9559,64245
Leptosiphon bolanderi,,N,81742,9560,77682
Leptosiphon ciliatus,whisker brush,N,81150,10056,77684
Leptosiphon grandiflorus,large-flowered linanthus,N,80378,8948,77688,1718,4.2
Leptosiphon liniflorus,,N,80375,9565,64244
Leptosiphon parviflorus,,N,80366,9571,58965
Leptosiphon pygmaeus subsp. continentalis,,N,80364,9572,79984
Leptosyne calliopsidea,,N,89031,10950,77707
Leptosyne hamiltonii,Mt. Hamilton coreopsis,N,30648,10953,77710,510,1B.2
Leptosyne stillmanii,,N,30649,10955,77712
Lessingia hololeuca,woolly-headed lessingia,N,3780,4743,56968,1325,3
Lessingia nana,dwarf lessingia,N,3784,4752,77714
Lessingia nemaclada,,N,3785,4753,60508
Lessingia pectinata var. tenuipes,,N,81838,11800,81020
Lessingia tenuis,spring lessingia,N,3778,4756,58025,684,4.3
Lewisia rediviva var. rediviva,bitterroot,N,60818,10066,81025
Ligusticum apiifolium,,N,30890,4794,59298
Ligustrum lucidum,Chinese privet,X,30906,8656,77740
Lilaeopsis masonii,Mason's lilaeopsis,N,30919,4798,77742,974,1B.1,CR
Lilium pardalinum subsp. pardalinum,leopard lily,N,51254,4810,61829
Limnanthes douglasii subsp. douglasii,meadowfoam,N,51259,4826,51341
Limnanthes douglasii subsp. nivea,meadowfoam,N,51260,4827,51342
Limnanthes douglasii subsp. rosea,,N,51261,4828,51339
Limnobium spongia,West Indian spongewort,X,30986,10623,77751
Limonium californicum,sea-lavender,N,31014,4839,63364
Limonium ramosissimum,Algerian sea-lavender,X,80703,9147,77757
Limosella acaulis,,N,31027,4843,61107
Limosella australis,delta mudwort,X,31029,10069,60248
Linanthus dichotomus subsp. dichotomus,evening snow,N,51286,10624,80000
Linum bienne,,X,31144,4906,55679
Linum lewisii var. lewisii,blue flax,N,60912,4910,60495
Lithophragma affine,woodland star,N,31236,4922,50803
Lithophragma bolanderi,,N,31238,4923,77787
Lithophragma cymbalaria,,N,31241,4925,58323
Lithophragma heterophyllum,,N,31244,4927,53124
Lithophragma parviflorum var. parviflorum,,N,60952,4930,81027
Lobularia maritima,sweet alyssum,X,31347,4939,56992
Logfia filaginoides,herba impia,N,81847,10960,64254
Logfia gallica,,X,31363,9521,56949
Lomatium californicum,chu-chu-pate,N,31389,4950,56824
Lomatium caruifolium var. caruifolium,,N,61026,4953,64328
Lomatium caruifolium var. denticulatum,,N,61027,4954,60123
Lomatium dasycarpum subsp. dasycarpum,,N,51334,4960,56829
Lomatium macrocarpum,,N,31433,4974,56826
Lomatium nudicaule,,N,31441,4983,77818
Lomatium utriculatum,,N,31473,4999,56827
Lonicera hispidula,California honeysuckle,N,31505,10075,53416
Lonicera involucrata var. ledebourii,black twinberry,N,61081,5012,60990
Lonicera japonica,Japanese honeysuckle,X,31508,5013,77835
Lonicera subspicata var. denudata,moronel,N,61089,5015,58872
Lotus corniculatus,birdfoot trefoil,X,31561,5031,47435
Ludwigia hexapetala,Uruguayan primrose-willow,X,31665,5082,70020
Ludwigia palustris,,N,31651,5083,60221
Ludwigia peploides subsp. montevidensis,water-primrose,X,51358,5085,61049
Ludwigia peploides subsp. peploides,,X,51359,5086,61046
Lunaria annua,moonwort,X,31676,5091,55886
Lupinus affinis,,N,31690,5095,77846
Lupinus albifrons var. albifrons,bush lupine,N,61188,5099,53418
Lupinus albifrons var. collinus,,N,61189,5100,61795
Lupinus arboreus,yellow bush lupine,N,31731,5106,61010
Lupinus benthamii,spider lupine,N,31791,5117,59565
Lupinus bicolor,miniature lupine,N,31793,5118,50614
Lupinus chamissonis,beach blue lupine,N,31831,5125,61011
Lupinus concinnus,Bajada lupine,N,31835,5129,58901
Lupinus formosus var. formosus,summer lupine,N,61315,5148,61822
Lupinus latifolius var. dudleyi,,N,76660,5161,81063
Lupinus latifolius var. latifolius,wood lupine,N,75772,5162,64242
Lupinus luteolus,butter lupine,N,31956,5176,77875
Lupinus microcarpus var. densiflorus,,N,76668,5184,241537
Lupinus microcarpus var. microcarpus,chick lupine,N,75776,5186,58159
Lupinus nanus,sky lupine,N,31978,5189,50612
Lupinus pachylobus,big pod lupine,N,31998,5196,50613
Lupinus succulentus,arroyo lupine,N,32095,5217,56759
Luzula comosa var. comosa,wood rush,N,72790,11810,81079
Luzula subsessilis,,N,32171,11815,77901
Lychnis coronaria,rose campion,X,32177,5229,485191
Lycopus americanus,cutleaf bugleweed,N,32313,5247,60206
Lycopus asper,bugleweed,N,32319,5248,62651
Lysimachia arvensis,scarlet pimpernel,X,99404,13206,791928
Lysimachia latifolia,starflower,N,99406,13207,496537
Lysimachia maritima,sea-milkwort,N,99407,13208,204175
Lysimachia minima,chaffweed,N,99408,13209,204353
Lysimachia monelli,flaxleaf pimpernel,X,99409,13210,707889
Lythrum californicum,California loosestrife,N,32397,5258,60212
Lythrum hyssopifolia,grass-poly,X,32401,10626,58934
Lythrum salicaria,,X,32407,5261,61321
Lythrum tribracteatum,,X,32409,5262,77919
Madia anomala,,N,4038,5279,69927
Madia elegans,common madia,N,4044,5284,56974
Madia exigua,threadstem madia,N,4045,5289,56971
Madia gracilis,slender tarweed,N,4047,5291,53135
Madia radiata,showy madia,N,4053,5296,77924,1054,1B.1
Madia sativa,coast tarweed,N,4055,5298,53143
Maianthemum racemosum,false Solomon's seal,N,32495,10096,51062
Maianthemum stellatum,,N,32497,9629,53268
Malacothamnus fremontii,white-coat mallow,N,32524,5312,70397
Malacothamnus hallii,Hall's bush mallow,N,32519,5314,77930,1065,1B.2
Malacothrix californica,,N,4059,5325,58026
Malacothrix clevelandii,Cleveland's malacothrix,N,4060,5326,58841
Malacothrix coulteri,snake's-head,N,4061,5327,58027
Malacothrix floccifera,,N,4064,5328,58842
Malva assurgentiflora,island mallow,NC,89039,11817,77951
Malva multiflora,Cretan mallow,X,84861,,501208
Malva nicaeensis,bull mallow,X,32602,5353,61043
Malva parviflora,cheeseweed,X,32604,5354,58202
Malvella leprosa,alkali-mallow,N,32649,5356,58203
Marah fabacea,California man-root,N,101920,11820,205330
Marah oregana,coast man-root,N,101917,11823,77960
Marrubium vulgare,horehound,X,32810,5370,54605
Marsilea vestita subsp. vestita,,N,51529,5372,64188
Matricaria discoidea,pineapple weed,N,4103,11825,52992
Matricaria occidentalis,western chamomile,N,4113,9500,57929
Maytenus boaria,mayten,X,77417,8519,77969
Meconella californica,,N,32919,5378,60849
Meconella oregana,,N,32923,8817,77970,1960,1B.1
Medicago arabica,spotted burclover,X,32928,5381,61012
Medicago lupulina,black medick,X,32933,5382,57056
Medicago polymorpha,burclover,X,32938,5385,53151
Medicago sativa,alfalfa,X,32943,5387,57057
Melica californica,California melic,N,33075,5392,57186
Melica imperfecta,,N,33080,5399,52802
Melica torreyana,,N,33090,5404,52804
Melilotus albus,white sweetclover,X,33153,10971,58907
Melilotus indicus,sourclover,X,33149,5406,57065
Melissa officinalis,lemon balm,X,33161,5408,59901
Mentha ×gracilis,Scotch spearmint,X,33199,11833,181919
Mentha ×piperita,peppermint,X,33203,5412,181525
Mentha aquatica,water mint,X,33191,10110,77990
Mentha arvensis,field mint,X,33193,5413,58188
Mentha canadensis,American cornmint,N,33195,10635,77991
Mentha pulegium,pennyroyal,X,33206,5414,57116
Mentha spicata,spearmint,X,33209,10111,62652
Mentha suaveolens,pineapple mint,X,33212,5417,77993
Mentzelia affinis,,N,33219,5418,58194
Mentzelia dispersa,,N,33236,5423,58196
Mentzelia laevicaulis,blazingstar,N,33250,5431,62308
Mentzelia lindleyi,,N,33255,5432,53923
Mentzelia micrantha,,N,33259,5433,58933
Mercurialis annua,annual mercury,X,33300,5450,68838
Mesembryanthemum nodiflorum,,X,33363,5461,71191
Micranthes californica,,N,91942,11841,78023
Micropus californicus var. californicus,slender cottonweed,N,7993,5464,58030
Micropus californicus var. subvestitus,,N,7994,5465,81107
Microseris acuminata,,N,4146,5466,60142
Microseris bigelovii,,N,4147,5467,60977
Microseris campestris,,N,4149,5469,58031
Microseris douglasii subsp. douglasii,silver puffs,N,6162,5471,58843
Microseris douglasii subsp. tenella,,N,6164,5473,60143
Microseris elegans,,N,4152,5474,58032
Microseris sylvatica,,N,4160,5481,78037,1969,4.2
Microsteris gracilis,,N,33480,10117,61210
Mimetanthe pilosa,,N,33500,13513,165392
Minuartia californica,California sandwort,N,33742,5568,836856
Minuartia douglasii,Douglas sandwort,N,33747,5570,836863
Minuartia pusilla,least sandwort,N,33767,5577,836888
Mirabilis laevis var. crassifolia,California four o'clock,N,80351,10131,81126
Modiola caroliniana,,X,33863,5603,78087
Moehringia macrophylla,large-leaved sandwort,N,33866,5604,61884
Mollugo verticillata,,X,33883,5609,78090
Monardella douglasii,,N,33931,5622,61877
Monardella villosa subsp. villosa,coyote-mint,N,51631,5665,52184
Monolepis nuttalliana,poverty weed,N,33962,5671,877971
Monolopia gracilens,,N,4176,5674,56186,3395,1B.2
Monolopia lanceolata,,N,4177,5675,58033
Monolopia major,,N,4178,5676,56977
Montia fontana,water chickweed,N,33992,5685,58990
Montia linearis,,N,33998,5688,78122
Morella californica,wax myrtle,N,80350,9581,61039
Muehlenbeckia complexa,maidenhair vine,X,34052,5694,78126
Muilla maritima,common muilla,N,34146,5716,56627
Myoporum laetum,,X,34200,5720,63611
Myosotis discolor,,X,34209,5721,70265
Myosotis latifolia,forget-me-not,X,34211,5722,49132
Myosurus minimus,mouse-tail,N,34224,5729,58306
Myosurus minimus subsp. apus,little mousetail,N,,,181537,1159,3.1
Myosurus sessilis,,N,34226,5732,60235
Myriophyllum aquaticum,parrot's feather,X,34261,5735,60202
Myriophyllum sibiricum,,N,34273,5737,61034
Myriophyllum spicatum,Eurasian milfoil,X,34276,5738,78157
Myriophyllum verticillatum,,N,34279,5739,78158
Myriopteris covillei,Coville's lip fern,N,99420,13123,481701
Myriopteris gracillima,lace lip fern,N,99422,13125,472796
Myriopteris intertexta,coastal lip fern,N,99423,13126,481710
Najas guadalupensis subsp. guadalupensis,common water-nymph,N,80549,10142,80044
Najas marina,holly-leaved water-nymph,N,34357,5744,78164
Narcissus pseudonarcissus,daffodil,X,34403,8637,55848
Narcissus tazetta,daffodil,X,34404,8638,56027
Nasturtium officinale,water cress,N,34435,9597,78174
Navarretia atractyloides,,N,34444,5768,58251
Navarretia cotulifolia,cotula navarretia,N,34446,5770,60224,1981,4.2
Navarretia gowenii,Gowen's navarretia,N,88836,10741,78180,3324,1B.1
Navarretia hamata subsp. parviloba,hooked navarretia,N,51666,5780,80048
Navarretia heterandra,Tehama navarretia,N,34453,5781,78181,1162,4.3
Navarretia intertexta,needleleaf navarretia,N,34455,5783,60225
Navarretia mellita,,N,34465,5794,58975
Navarretia nigelliformis subsp. radians,adobe navarretia,N,51677,5798,80060,1738,1B.2
Navarretia prostrata,,N,34470,5803,78190,1983,1B.2
Navarretia pubescens,downy pincushion,N,34471,5804,58976
Navarretia squarrosa,skunkweed,N,34475,5807,53157
Navarretia viscidula,sticky navarretia,N,34478,5810,78195
Nemophila heterophylla,,N,34539,5834,53158
Nemophila menziesii var. menziesii,baby blue-eyes,N,62285,5839,50650
Nemophila parviflora var. parviflora,,N,62288,5842,58921
Nemophila pedunculata,,N,34544,5844,55461
Nicotiana acuminata var. multiflora,,X,62312,5855,59032
Nicotiana glauca,tree tobacco,X,34646,5860,58334
Nicotiana quadrivalvis,Indian tobacco,N,34649,5862,58336
Nitrophila occidentalis,borax weed,N,34675,5865,78223
Nothoscordum gracile,false garlic,X,34732,10157,78233
Nuttallanthus texanus,blue toadflax,N,34756,11883,78235
Oemleria cerasiformis,oso berrry,N,34900,5879,53419
Oenanthe sarmentosa,,N,34904,5881,60127
Oenothera biennis,common evening-primrose,X,34975,5882,62207
Oenothera deltoides subsp. cognata,,N,51746,5891,80072
Oenothera deltoides subsp. howellii,Antioch Dunes evening-primrose,N,51748,5893,80074,1179,1B.1,CE
Oenothera elata subsp. hookeri,evening primrose,N,51752,5897,51814
Oenothera glazioviana,,X,35004,5899,62208
Oenothera laciniata,,X,35016,5900,78243
Oenothera sinuosa,wavyleaf gaura,X,89230,11888,78248
Oenothera xenogaura,,X,89232,11890,545863
Olea europaea,olive,X,35090,5912,57140
Osmorhiza berteroi,wood cicely,N,35560,10164,53166
Osmorhiza brachypoda,California cicely,N,35564,6000,58793
Oxalis corniculata,creeping wood sorrel,X,35609,6010,53168
Oxalis incarnata,crimson wood sorrel,X,35636,6012,61776
Oxalis oregana,redwood sorrel,N,35641,6015,47757
Oxalis pes-caprae,Bermuda-buttercup,X,35642,6016,53169
Oxalis pilosa,hairy wood sorrel,N,35601,11895,78300
Packera breweri,Brewer groundsel,N,77383,9613,56983
Panicum acuminatum,Pacific panic grass,N,35923,6044,128949
Panicum capillare,witchgrass,N,36094,6048,78337
Papaver californicum,fire poppy,N,36204,6056,58958
Papaver heterophyllum,wind poppy,N,86377,11905,78344
Parapholis incurva,sickle grass,X,36243,6059,60294
Parietaria hespera var. californica,California pellitory,N,63008,6064,59038
Parietaria judaica,,X,36254,6066,57281
Paspalum dilatatum,Dallis grass,X,36384,6083,60295
Paspalum distichum,,N,36387,6084,60297
Passiflora tarminiana,banana passion vine,X,81250,8666,78358
Pectocarya penicillata,sleeping combseed,N,36530,6092,58059
Pedicularis densiflora,warrior's plume,N,36567,6103,49645
Pediomelum californicum,Indian breadroot,N,36634,6111,78373
Pelargonium grossularioides,,X,36665,6115,78376
Pelargonium inquinans,geranium,X,36668,6116,78377
Pellaea andromedifolia,coffee fern,N,36775,6122,57231
Pellaea mucronata var. mucronata,bird's-foot fern,N,75897,6129,58765
Pennisetum clandestinum,Kikuyu grass,X,36818,6132,60298
Pennisetum setaceum,fountain grass,X,36827,6133,430581
Pennisetum villosum,,X,36829,6134,430578
Penstemon centranthifolius,scarlet bugler,N,36894,6146,56752
Penstemon heterophyllus var. heterophyllus,chaparral penstemon,N,75906,6178,51852
Penstemon heterophyllus var. purdyi,foothill penstemon,N,76773,6179,81205
Pentachaeta alsinoides,tiny pygmy daisy,N,4273,6225,58844
Pentachaeta exilis subsp. exilis,meager pygmy daisy,N,6171,6230,58846
Pentagramma triangularis,goldback fern,N,77119,6234,52676
Perideridia californica,California yampah,N,37248,6245,58794
Perideridia kelloggii,Kellog's yampah,N,37253,6250,56838
Perideridia oregana,Oregon yampah,N,37256,6253,78438
Persicaria amphibia,water smartweed,N,69778,11006,78450
Persicaria hydropiper,waterpepper,X,37286,11009,78452
Persicaria hydropiperoides,false waterpepper,N,37287,11008,78453
Persicaria lapathifolia,willow weed,N,37292,11010,63886
Persicaria maculosa,lady's thumb,X,82466,11011,56166
Persicaria punctata,,N,37303,11014,78456
Petasites frigidus var. palmatus,coltsfoot,N,8060,6269,55778
Petrorhagia dubia,pink grass,X,37370,6275,60602
Petunia parviflora,wild petunia,N,37378,6279,159650
Phacelia breweri,,N,37425,6292,68813
Phacelia californica,rock phacelia,N,37426,6293,53170
Phacelia ciliata,great valley phacelia,N,37432,6302,58180
Phacelia distans,sordid phacelia,N,37450,6318,56631
Phacelia divaricata,,N,37451,6319,51093
Phacelia douglasii,,N,37452,6320,58182
Phacelia imbricata var. imbricata,,N,78483,13159,53172
Phacelia malvifolia,stinging phacelia,N,37514,6358,58923
Phacelia nemoralis var. nemoralis,bristly phacelia,N,78488,13163,53174
Phacelia phacelioides,Mt. Diablo phacelia,N,37543,6381,51088,1115,1B.2
Phacelia ramosissima,branching phacelia,N,37557,6389,50617
Phacelia rattanii,,N,37563,6396,58925
Phacelia suaveolens,sweet scented phacelia,N,37577,6402,68816
Phacelia tanacetifolia,tansy-leaf phacelia,N,37579,6405,58185
Phalaris angusta,timothy canary grass,N,37600,6415,78534
Phalaris aquatica,Harding grass,X,37601,6416,57188
Phalaris arundinacea,reed canary grass,N,37604,6417,63337
Phalaris brachystachys,short-spiked canary grass,X,37605,6418,78535
Phalaris californica,California canary grass,N,37606,6419,57192
Phalaris lemmonii,Lemmon's canary grass,N,37609,6422,60299
Phalaris minor,little seed canary grass,X,37610,6423,57194
Phalaris paradoxa,hooded canary grass,X,37611,6424,60302
Phelipanche ramosa,,X,103318,13518,804770
Phoenix canariensis,Canary Island date palm,X,37878,6449,78554
Pholistoma auritum var. auritum,fiesta flower,N,63599,6455,58926
Pholistoma membranaceum,white fiesta flower,N,37886,6456,57352
Phoradendron leucarpum subsp. macrophyllum,big leaf mistletoe,N,98417,13230,166732
Phoradendron leucarpum subsp. tomentosum,oak mistletoe,N,98416,13231,545020
Phragmites australis,common reed,N,37931,6465,64237
Phyla lanceolata,,N,37942,6466,59042
Phyla nodiflora,,N,37943,6467,59040
Physocarpus capitatus,ninebark,N,38129,6490,57249
Phytolacca heterotepala,Mexican pokeweed,X,38167,6492,78579
Pickeringia montana var. montana,chaparral pea,N,63765,6497,58908
Pilularia americana,pillwort,N,38232,6501,57885
Pinus attenuata,knobcone pine,N,38257,6504,64047
Pinus coulteri,Coulter pine,N,38266,6512,67330
Pinus radiata,Monterey pine,NC,38300,6523,53421
Pinus sabiniana,gray or foothill pine,N,38304,6524,58772
Piperia elegans subsp. elegans,coast piperia,N,74709,8857,840643
Piperia elongata,wood rein-orchid,N,38354,6532,551466
Piperia michaelii,Michael's rein-orchid,N,38358,6534,840639,1380,4.2
Piperia transversa,flat-spurred piperia,N,38359,6535,355392
Pistacia atlantica,,X,77247,6541,78588
Pittosporum crassifolium,,X,38444,6545,78590
Plagiobothrys acanthocarpus,adobe allocarya,N,38484,6550,58062
Plagiobothrys arizonicus,,N,38485,6551,58063
Plagiobothrys bracteatus,,N,38487,6553,57719
Plagiobothrys canescens,,N,38488,6554,58064
Plagiobothrys chorisianus var. chorisianus,,N,63885,6557,57715,1382,1B.2
Plagiobothrys diffusus,,N,38493,6565,60985,1383,1B.1,CE
Plagiobothrys fulvus var. campestris,,N,63892,6568,81256
Plagiobothrys glaber,hairless popcornflower,N,38498,6569,57713,1384,1A
Plagiobothrys greenei,,N,38501,6574,57716
Plagiobothrys humistratus,,N,38504,6577,60152
Plagiobothrys infectivus,,N,38506,6579,78602
Plagiobothrys leptocladus,alkali plagiobothrys,N,38511,6584,58065
Plagiobothrys nothofulvus,popcornflower,N,38516,6590,56990
Plagiobothrys stipitatus var. micranthus,,N,63906,6599,57711
Plagiobothrys stipitatus var. stipitatus,,N,63907,6600,57710
Plagiobothrys tenellus,,N,38533,6602,58066
Plagiobothrys trachycarpus,,N,38537,6607,57718
Plagiobothrys undulatus,,N,38490,6609,78612
Plantago coronopus,cutleaf plantain,X,38556,6612,58960
Plantago elongata,coastal plantain,N,38558,6613,58229
Plantago erecta,California plantain,N,38559,6615,53177
Plantago lanceolata,English plantain,X,38567,6618,53178
Plantago major,common plantain,X,38570,6619,58961
Plantago maritima,alkali plantain,N,38573,6620,68543
Plantago subnuda,naked plantain,N,38605,6626,60223
Platanthera dilatata var. leucostachys,white-flowered bog orchid,N,63974,9593,81271
Platanus racemosa,western sycamore,N,38655,6633,58231
Platystemon californicus,cream cups,N,38664,6635,51288
Plectritis ciliosa,,N,38677,6639,57284
Plectritis congesta subsp. brachystemon,,N,52336,11937,57787
Plectritis macrocera,,N,38684,6643,57287
Pleuropogon californicus var. californicus,semaphore grass,N,74814,10245,81272
Pluchea odorata var. odorata,saltmarsh fleabane,N,8084,11939,81274
Poa annua,annual bluegrass,X,38787,6658,52808
Poa bulbosa,bulbous bluegrass,X,38805,6662,58382
Poa douglasii,sand-dune bluegrass,N,38815,6669,61071
Poa howellii,,N,38804,6672,52812
Poa pratensis subsp. pratensis,Kentucky bluegrass,X,70514,6689,64155
Poa secunda subsp. secunda,one-sided bluegrass,N,70516,6694,58383
Pogogyne douglasii,,N,38936,6704,63943
Pogogyne serpylloides,,N,38939,6708,57118
Pogogyne zizyphoroides,,N,78298,6709,60209
Polemonium carneum,royal sky pilot,N,38971,6712,78665,3345,2B.2
Polycarpon tetraphyllum var. tetraphyllum,four-leaved allseed,X,81542,11032,81277
Polygonum argyrocoleon,persian knotweed,X,39158,6738,78676
Polygonum aviculare subsp. aviculare,,X,80990,10667,80151
Polygonum aviculare subsp. depressum,,X,80993,11034,63967
Polygonum aviculare subsp. neglectum,,X,80992,10669,80154
Polygonum aviculare subsp. rurivagum,,X,80991,10670,915229
Polygonum ramosissimum subsp. ramosissimum,bushy knotweed,N,82468,11037,80161
Polypodium calirhiza,polypody,N,39352,6776,52678
Polypodium scouleri,leather-leaf fern,N,39364,6779,64288
Polypogon imberbis,beard grass,X,89096,8696,78695
Polypogon interruptus,ditch beard grass,X,39375,6782,59099
Polypogon monspeliensis,rabbitfoot grass,X,39378,6784,57197
Polypogon viridis,water bentgrass,X,39379,11945,64144
Polystichum californicum,sword fern,N,39407,6785,63867
Polystichum munitum,western sword fern,N,39422,6793,47751
Populus fremontii subsp. fremontii,Fremont cottonwood,N,52463,6798,58313
Populus trichocarpa,black cottonwood,N,39463,11946,78699
Portulaca oleracea,common purslane,X,39530,6803,58991
Potamogeton crispus,,X,39560,6806,78707
Potamogeton diversifolius,,N,39562,6807,78708
Potamogeton foliosus subsp. foliosus,,N,80562,11947,80166
Potamogeton illinoensis,,N,39581,6814,78711
Potamogeton nodosus,,N,39595,6817,59108
Potamogeton pusillus,,N,39612,6820,78714
Potamogeton zosteriformis,,N,39646,6825,78717,1750,2B.2
Potentilla anserina subsp. pacifica,,N,52485,6828,524900
Potentilla rivalis,river cinquefoil,N,39786,6868,78740
Poterium sanguisorba,burnet,X,91917,11953,55736
Primula clevelandii var. gracilis,,N,98403,13220,487172
Primula clevelandii var. patula,shooting star,N,98401,13222,487173
Primula hendersonii,shooting star,N,98398,13225,487175
Proboscidea lutea,devil's claw,X,77314,6875,164032
Prosartes hookeri,fairy bells,N,39938,10263,51071
Prunella vulgaris var. lanceolata,,N,64497,6884,60213
Prunella vulgaris var. vulgaris,,X,75995,6885,81287
Prunus cerasifera,cherry plum,X,39972,6887,55837
Prunus dulcis,almond,X,39976,6888,69936
Prunus emarginata,bitter cherry,N,39978,6889,63905
Prunus subcordata,,N,40019,6897,56040
Prunus virginiana var. demissa,western choke-cherry,N,64546,6898,63900
Pseudognaphalium beneolens,,N,81674,11047,64303
Pseudognaphalium biolettii,,N,81666,11955,58829
Pseudognaphalium californicum,,N,80569,11956,53077
Pseudognaphalium luteoalbum,cudweed,X,101867,11957,209711
Pseudognaphalium microcephalum,,N,81265,11048,78763
Pseudognaphalium ramosissimum,,N,80579,11959,53088
Pseudognaphalium stramineum,,N,40045,11960,53089
Pseudognaphalium thermale,,N,81995,11049,78765
Psilocarphus brevissimus var. brevissimus,dwarf woolly-marbles,N,8098,6909,64159
Psilocarphus chilensis,round woolly-marbles,N,81848,11050,64158
Psilocarphus oregonus,Oregon woolly-marbles,N,4500,6912,60149
Psilocarphus tenellus,slender woolly-marbles,N,4501,6913,53188
Ptelea crenulata,hop tree,N,40219,6929,50622
Pteridium aquilinum var. pubescens,bracken fern,N,64626,6930,52684
Pterostegia drymarioides,,N,40273,6935,53191
Puccinellia distans,European alkali grass,X,40307,6939,78780
Puccinellia nutkaensis,Alaska alkali grass,N,40328,6943,78783
Puccinellia nuttalliana,Nuttall alkali grass,N,40329,6944,60309
Puccinellia simplex,,N,40339,6947,60310,3893,1B.2
Pyracantha angustifolia,slender firethorn,X,40423,6955,54053
Pyracantha coccinea,,X,40424,8726,57254
Pyracantha crenulata,,X,82331,8728,78790
Pyracantha fortuneana,Chinese firethorn,X,40425,11965,78791
Pyrrocoma racemosa var. racemosa,clustered goldenweed,N,8122,6975,81305
Quercus agrifolia var. agrifolia,coast live oak,N,64703,6984,58913
Quercus berberidifolia,scrub oak,N,76903,6986,57082
Quercus chrysolepis,canyon live oak,N,40565,6987,51092
Quercus douglasii,blue oak,N,40581,6990,49009
Quercus durata var. durata,leather oak,N,74822,6993,57084
Quercus garryana var. garryana,Oregon oak,N,64728,6998,63890
Quercus ilex,holly oak,X,81107,8591,78805
Quercus kelloggii,California black oak,N,40652,7000,49919
Quercus lobata,valley oak,N,40663,7001,49011
Quercus palmeri,Palmer's oak,N,40584,7002,78807
Quercus parvula var. shrevei,,N,76907,7005,81314
Quercus wislizeni var. frutescens,,N,64776,7011,58914
Quercus wislizeni var. wislizeni,interior live oak,N,64777,7012,58915
Rafinesquia californica,California chicory,N,4548,7013,53193
Ranunculus aquatilis var. aquatilis,,N,73500,10676,81320
Ranunculus aquatilis var. diffusus,water buttercup,N,80687,11969,486980
Ranunculus californicus,California buttercup,N,40867,7032,52173
Ranunculus canus var. canus,,N,73506,11972,81324
Ranunculus hebecarpus,,N,40898,7044,57239
Ranunculus lobbii,Lobb's buttercup,N,40925,7046,68424,1414,4.2
Ranunculus muricatus,spiny buttercup,X,40938,7048,57240
Ranunculus occidentalis var. occidentalis,,N,64947,11979,81335
Ranunculus orthorhynchus var. bloomeri,,N,64956,7051,81337
Ranunculus orthorhynchus var. orthorhynchus,,N,64957,7052,81338
Ranunculus repens,,X,40965,7056,48229
Ranunculus sceleratus,cursed crowsfoot,X,40971,7059,59301
Raphanus raphanistrum,jointed charlock,X,40991,7063,55411
Raphanus sativus,wild radish,X,40992,7064,55410
Rhamnus alaternus,Italian buckthorn,X,81104,9447,82856
Rhamnus crocea,spiny redberry,N,41069,7075,57243
Rhamnus ilicifolia,holly-leaf redberry,N,41070,7076,58308
Rhaponticum repens,Russian knapweed,X,103802,13621,1061170
Rhinotropis californica,California milkwort,N,107535,6727,876453
Rhus aromatica,skunkbrush,N,41175,11056,58738
Ribes amarum,bitter gooseberry,N,41372,7099,53433
Ribes aureum var. gracillimum,golden currant,N,65126,7104,55547
Ribes californicum var. californicum,hillside gooseberry,N,65128,7108,47128
Ribes divaricatum var. pubiflorum,straggly gooseberry,N,65143,7117,53434
Ribes malvaceum var. malvaceum,pink-flowering currant,N,65160,7128,54947
Ribes menziesii,canyon gooseberry,N,41423,7131,52687
Ribes quercetorum,oak gooseberry,N,41449,7136,55548
Ribes sanguineum var. glutinosum,red-flowering currant,N,65190,7142,53436
Ribes speciosum,fuchsia-flowered gooseberry,N,41466,7145,50824
Ricinus communis,castor-bean,X,41486,7153,56739
Rigiopappus leptocladus,,N,4579,7154,56981
Robinia pseudoacacia,black locust,X,41521,7156,56088
Romanzoffia californica,,N,41552,7157,57856
Romulea rosea var. australis,,X,65230,7162,68895
Rorippa curvisiliqua,yellow cress,N,41580,7168,58866
Rorippa palustris subsp. palustris,,N,52673,11988,64157
Rosa californica,California rose,N,41631,7179,53437
Rosa gymnocarpa,wood rose,N,41652,7182,53441
Rosa rubiginosa,sweet-brier,X,41648,11057,78886
Rosa spithamea,ground rose,N,41696,7187,53442
Rubus armeniacus,Himalayan blackberry,X,87465,10319,61317
Rubus laciniatus,cutleaf blackberry,X,42009,7195,78891
Rubus parviflorus,thimbleberry,N,42108,7200,51646
Rubus pensilvanicus,,X,42114,7202,78894
Rubus ulmifolius var. anoplothyrsus,,X,91783,11997,81352
Rubus ursinus,California blackberry,N,42267,7206,53445
Rumex acetosella,sheep sorrel,X,42362,7213,53195
Rumex californicus,,N,42423,11058,78901
Rumex conglomeratus,green dock,X,42385,7214,57215
Rumex crassus,,N,42422,11059,61087
Rumex crispus,curly dock,X,42386,7215,53197
Rumex fueginus,golden dock,N,42405,10679,78903
Rumex obtusifolius,bitter dock,X,42409,7220,63371
Rumex occidentalis,western dock,N,42376,7221,61086
Rumex pulcher,fiddle dock,X,42419,7224,60232
Rumex salicifolius,willow dock,N,42421,7225,60233
Rumex transitorius,,N,42429,11999,78910
Rupertia physodes,California tea,N,42446,7236,53198
Ruppia cirrhosa,ditch-grass,N,42449,7238,61089
Ruppia maritima,ditch-grass,N,42451,7239,61090
Rytidosperma caespitosum,,X,80883,12000,78918
Rytidosperma penicillatum,hairy oat grass,X,80882,10684,78919
Rytidosperma racemosum,,X,80333,11062,78920
Sagina apetala,dwarf pearlwort,X,42572,7243,56998
Sagina decumbens subsp. occidentalis,western pearlwort,N,52717,7244,57000
Sagina procumbens,matted pearlwort,X,42584,7246,55667
Salicornia depressa,glasswort,N,42663,10333,78930
Salicornia pacifica,pickleweed,N,42666,12001,78931
Salicornia rubra,,N,42661,7256,78933
Salix breweri,Brewer's willow,N,42729,7266,78936
Salix exigua var. hindsiana,Hind's willow,N,81242,11063,64195
Salix gooddingii,Goodding's black willow,N,42825,7272,60240
Salix laevigata,red willow,N,42850,7276,58319
Salix lasiandra var. lasiandra,Pacific willow,N,76043,11065,81358
Salix lasiolepis,arroyo willow,N,42855,7277,53452
Salix melanopsis,dusky willow,N,42881,7284,78947
Salix scouleriana,Scouler's willow,N,42973,7289,71076
Salix sitchensis,Sitka willow,N,42994,7291,61100
Salpichroa origanifolia,,X,43020,7292,78954
Salsola australis,,X,43028,12003,78955
Salsola soda,,X,43034,7295,78960
Salsola tragus,Russian thistle,X,43032,7296,57896
Salvia apiana,,NC,43038,7298,64134
Salvia carduacea,thistle sage,N,43046,7300,58190
Salvia columbariae,chia,N,43049,7302,53200
Salvia leucophylla,,NC,43066,7310,58191
Salvia mellifera,black sage,N,43071,7311,50643
Salvia spathacea,,N,43098,7316,64133
Sambucus mexicana,blue elderberry,N,43127,7320,143799
Sambucus racemosa var. racemosa,red elderberry,N,76057,7323,57826
Samolus parviflorus,water-pimpernel,N,43144,7324,60234
Sanicula arctopoides,footsteps-of-spring,N,43161,7329,55466
Sanicula bipinnata,poison sanicle,N,43165,7331,57626
Sanicula bipinnatifida,purple sanicle,N,43166,7332,56840
Sanicula crassicaulis,Pacific sanicle,N,43169,7333,53201
Sanicula laciniata,,N,43175,7336,56841
Sanicula maritima,adobe sanicle,N,43177,7337,57625,721,1B.1,CR
Sanicula saxatilis,rock sanicle,N,43186,7339,57783,1435,1B.2,CR
Sanicula tuberosa,,N,43190,7341,56842
Scabiosa atropurpurea,pincushion flower,X,43445,7374,372376
Scandix pecten-veneris,Venus' needle,X,43465,7376,56843
Schinus molle,peruvian pepper-tree,X,43505,7378,57354
Schismus arabicus,Mediterranean grass,X,43510,7380,58384
Schoenoplectus acutus var. occidentalis,common tule,N,79929,9602,59209
Schoenoplectus americanus,Olney's three-square bulrush,N,80328,9603,59066
Schoenoplectus californicus,California bulrush,N,43573,9604,47159
Schoenoplectus pungens var. longispicatus,common threesquare,N,81092,9222,81362
Scirpus microcarpus,,N,43718,7398,59068
Scolymus hispanicus,golden thistle,X,4661,7417,79009
Scribneria bolanderi,,N,43846,7420,57196
Scrophularia californica,California figwort,N,43849,7422,50812
Scutellaria californica,,N,43883,7432,59791
Scutellaria siphocampyloides,,N,43926,7437,59792
Scutellaria tuberosa,,N,43930,7438,57122
Sedella pentandra,,N,43952,9590,58884
Sedum radiatum,coast range stonecrop,N,44006,7457,61471
Sedum spathulifolium,broadleaf stonecrop,N,44016,7459,58886
Selaginella bigelovii,spike-moss,N,44043,7462,58768
Senecio aphanactis,chaparral ragwort,N,4672,7473,63375,1773,2B.2
Senecio aronicoides,rayless ragwort,N,4674,7474,53206
Senecio flaccidus var. douglasii,Douglas' ragwort,N,8218,7492,58037
Senecio glomeratus,cutleaf burnweed,X,2573,10688,60981
Senecio hydrophilus,water ragwort,N,4759,7501,64165
Senecio jacobaea,tansy ragwort,X,4770,7508,62498
Senecio minimus,Australian fireweed,X,2580,11076,60980
Senecio sylvaticus,woodland ragwort,X,4853,7522,53210
Senecio vulgaris,common groundsel,X,4866,7524,53211
Sequoia sempervirens,coast redwood,N,44175,7531,47372
Sesuvium verrucosum,sea-purslane,N,44236,7534,60112
Setaria parviflora,marsh brittlegrass,N,44257,11079,79068
Setaria pumila subsp. pumila,yellow brittlegrass,X,89130,9227,80195
Setaria viridis,green brittlegrass,X,44277,7540,79070
Sherardia arvensis,field madder,X,44299,7542,47691
Sidalcea diploscypha,fringed checkerbloom,N,44415,7553,57139
Sidalcea malviflora subsp. laciniata,checker mallow,N,52986,7568,61195
Sidalcea malviflora subsp. malviflora,checker mallow,N,52987,7569,61041
Silene antirrhina,sleepy catchfly,N,44491,7586,58780
Silene gallica,windmill pink,X,44517,7597,53212
Silene laciniata subsp. californica,,N,82538,11084,62222
Silene verecunda,,N,44589,7617,60581
Silybum marianum,milk-thistle,X,4918,7622,52586
Sinapis arvensis,charlock,X,44609,7625,53264
Sisymbrium irio,London rocket,X,44651,7628,58085
Sisymbrium officinale,hedge mustard,X,44653,7630,53266
Sisymbrium orientale,,X,44654,7631,58086
Sisyrinchium bellum,blue-eyed-grass,N,44682,7632,49918
Sisyrinchium californicum,golden-eyed-grass,N,44688,7633,60550
Sium suave,,N,44763,7641,79131
Solanum americanum,,N,44818,7647,59035
Solanum elaeagnifolium,white horse-nettle,X,44852,7654,79137
Solanum furcatum,,X,44856,7655,79138
Solanum lanceolatum,lanceleaf nightshade,X,44872,7656,79139
Solanum nigrum,black nightshade,X,44883,7658,79141
Solanum physalifolium var. nitidibaccatum,nightshade,X,66519,11086,81374
Solanum umbelliferum,blue witch,N,44919,7664,50639
Solanum xanti,,N,77308,7666,79146
Soleirolia soleirolii,baby's tears,X,44928,7667,79147
Solidago elongata,Canada goldenrod,N,4956,12025,79150
Solidago velutina subsp. californica,California goldenrod,N,85830,11088,80217
Soliva sessilis,,X,5111,7678,60150
Sonchus asper subsp. asper,prickly sow-thistle,X,6219,7681,58038
Sonchus oleraceus,common sow-thistle,X,5118,7682,53294
Sonchus tenerrimus,,X,5119,7683,79157
Sorghum bicolor,sorghum,X,45003,7690,58389
Sorghum halepense,Johnson-grass,X,45017,7691,58387
Sparganium eurycarpum var. eurycarpum,bur-reed,N,73845,12031,63347
Sparganium eurycarpum var. greenei,,N,66594,12032,63349
Spartina alterniflora,saltwater cordgrass,X,45038,7699,772903
Spartina densiflora,dense-flowered cordgrass,X,45043,7700,772990
Spartina foliosa,California cordgrass,N,45044,7701,772992
Spartina patens,saltmeadow cordgrass,X,45048,7703,773004
Spartium junceum,Spanish broom,X,45053,7704,47406
Spergula arvensis,spurrey,X,45074,9630,57005
Spergularia bocconi,,X,45079,10693,594639
Spergularia macrotheca var. leucantha,,N,66606,7710,60171
Spergularia macrotheca var. longistyla,,N,66607,7711,61473,4050,1B.2
Spergularia macrotheca var. macrotheca,,N,66608,7712,61474
Spergularia marina,saltmarsh sand-spurrey,N,45094,7713,79169
Spergularia media var. media,greater sea-spurrey,X,82540,11090,81379
Spergularia rubra,red sand-spurrey,X,45090,7716,55730
Spergularia villosa,hairy sand-spurrey,X,45096,7717,60173
Spiranthes porrifolia,,N,45262,7740,50742
Spiranthes romanzoffiana,,N,45264,7741,50743
Sporobolus airoides,alkali sacaton,N,45286,7744,60313
Sporobolus indicus,smutgrass,X,45308,7749,79187
Stachys ajugoides,hedge nettle,N,45338,7751,53295
Stachys albens,,N,45339,7754,58192
Stachys pycnantha,short-spike hedge nettle,N,45389,7759,57123
Stachys rigida var. quercetorum,,N,80610,12038,81388
Stachys rigida var. rigida,hedge nettle,N,80611,12039,53296
Stebbinsoseris heterocarpa,,N,76210,7768,50804
Stellaria media,common chickweed,X,45497,7776,53298
Stellaria nitens,shining chickweed,N,45502,7777,57007
Stellaria pallida,,X,45501,7779,867483
Stenotaphrum secundatum,St. Augustine grass,X,45599,7783,79210
Stephanomeria elata,,N,5147,7790,62565
Stephanomeria exigua subsp. coronaria,,N,6222,7793,58041
Stephanomeria virgata subsp. pleurocarpa,,N,6227,7806,58849
Stipa cernua,nodding needlegrass,N,45640,12042,165654
Stipa lemmonii var. lemmonii,Lemmon's needlegrass,N,73899,12053,1220756
Stipa lepida,foothill needlegrass,N,45641,12054,165656
Stipa miliacea var. miliacea,smilo grass,X,91920,12058,524183
Stipa pulchra,purple needlegrass,N,45644,12067,165659
Streptanthus breweri,,N,45725,7822,79258
Streptanthus albidus subsp. peramoenus,most beautiful jewelflower,N,,,58783,1490,1B.2
Streptanthus glandulosus subsp. glandulosus,jewelflower,N,53142,7837,58783
Streptanthus hispidus,Mt. Diablo jewelflower,N,45741,7842,50620,1502,1B.3
Stuckenia pectinata,,N,80429,9596,64239
Stuckenia striata,,N,80316,9595,79276
Stylocline gnaphaloides,nest-straw,N,5185,7866,58043
Suaeda californica,California sea-blite,N,45836,7875,79284,1508,1B.1
Suaeda nigra,bush seepweed,N,45847,11092,79286
Symphoricarpos albus var. laevigatus,snowberry,N,66912,7895,48525
Symphoricarpos mollis,creeping snowberry,N,45924,7898,53456
Symphyotrichum chilense,Pacific aster,N,80313,10402,56861
Symphyotrichum lanceolatum var. hesperium,,N,80306,11093,81407
Symphyotrichum lentum,Suisun Marsh aster,N,80304,9490,60130,289,1B.2
Symphyotrichum spathulatum,,N,80300,10409,79302
Symphyotrichum subulatum var. parviflorum,,N,81976,11094,169461
Tamarix parviflora,smallflower tamarisk,X,46074,7916,56011
Tamarix ramosissima,saltcedar,X,46076,7917,56015
Tanacetum parthenium,feverfew,X,5215,7919,54520
Taraxacum erythrospermum,red-seeded dandelion,X,5225,12084,79317
Taraxacum officinale,common dandelion,X,5231,7922,47602
Taraxia ovata,sun cup,N,89233,12085,68182
Tauschia hartwegii,,N,46097,7925,54948
Tellima grandiflora,fringe cups,N,46142,7931,51655
Tetragonia tetragonoides,New Zealand spinach,X,99693,13131,418653
Tetrapteron graciliflorum,hill suncup,N,89236,12088,79338
Thalictrum fendleri var. polycarpum,meadow-rue,N,67038,7951,53301
Thysanocarpus curvipes,fringepod,N,46552,7984,58088
Thysanocarpus laciniatus,lacepod,N,46555,7985,58090
Thysanocarpus radians,,N,46556,7986,68891
Tolmiea diplomenziesii,pig-a-back plant,N,89306,12095,79368
Tonella tenella,,N,46732,8000,79369
Torilis arvensis,tall sock-destroyer,X,46743,8004,56846
Torilis nodosa,short sock-destroyer,X,46747,8007,53304
Toxicodendron diversilobum,poison-oak,N,46791,8015,51080
Toxicoscordion fremontii,zigadene,N,89163,11103,49649
Toxicoscordion venenosum var. venenosum,death-camas,N,93851,11106,81432
Tradescantia fluminensis,,X,77137,8017,79382
Tragopogon porrifolius,salsify,X,5449,8020,54141
Trianthema portulacastrum,,N,46920,8023,79390
Tribulus terrestris,puncture vine,X,46922,8024,64238
Trichostema lanceolatum,vinegar weed,N,46991,8032,54875
Trifolium albopurpureum,Indian clover,N,47029,8043,58162
Trifolium angustifolium,narrowleaf clover,X,47040,8051,69939
Trifolium barbigerum,bearded clover,N,47049,8054,57074
Trifolium bifidum var. bifidum,Pinole clover,N,73999,8059,61180
Trifolium bifidum var. decipiens,,N,67259,8060,57075
Trifolium campestre,hop clover,X,47059,8064,57076
Trifolium ciliolatum,foothill clover,N,47063,8065,60197
Trifolium columbinum,olive clover,N,47030,13577,79425
Trifolium depauperatum var. depauperatum,dwarf sack clover,N,67267,8069,64176
Trifolium depauperatum var. truncatum,truncate sack clover,N,67272,8071,60199
Trifolium dichotomum,,N,47076,12099,61179
Trifolium dubium,little hop clover,X,47078,8072,53313
Trifolium fragiferum,strawberry clover,X,47083,8074,58167
Trifolium fucatum,bull clover,N,47084,8075,53901
Trifolium glomeratum,clustered clover,X,47087,8076,61021
Trifolium gracilentum,pinpoint clover,N,47088,8077,58165
Trifolium grayi,Gray's clover,N,47050,12100,79416
Trifolium hirtum,rose clover,X,47096,8081,57078
Trifolium hybridum,alsike clover,X,47098,8083,61824
Trifolium hydrophilum,saline clover,N,80672,11203,79419,1285,1B.2
Trifolium incarnatum,crimson clover,X,47100,8084,64268
Trifolium macraei,Macrae's clover,N,47122,8094,61020
Trifolium microcephalum,small-head clover,N,47129,8096,58911
Trifolium microdon,thimble clover,N,47130,8097,57079
Trifolium obtusiflorum,clammy clover,N,47144,8101,58912
Trifolium oliganthum,few-flowered clover,N,47145,8102,71122
Trifolium pratense,red clover,X,47160,8104,51875
Trifolium repens,white clover,X,47164,8105,55745
Trifolium subterraneum,subterranean clover,X,47174,8106,60201
Trifolium tomentosum,woolly clover,X,47177,8586,61024
Trifolium variegatum var. geminiflorum,,N,91702,12114,81436
Trifolium variegatum var. major,,N,67348,12115,81437
Trifolium variegatum var. variegatum,,N,74014,12116,81438
Trifolium willdenovii,tomcat clover,N,47186,8109,57081
Trifolium wormskioldii,cow clover,N,47188,8110,71146
Triglochin concinna var. concinna,slender arrow-grass,N,74018,8112,81439
Triglochin maritima,seaside arrow-grass,N,47197,8114,60264
Triglochin scilloides,flowering quillwort,N,91083,12117,79437
Triglochin striata,,N,47201,8116,79438
Trillium chloropetalum,giant trillium,N,47218,8119,50823
Trillium ovatum subsp. ovatum,white trillium,N,53276,8122,63972
Triodanis biflora,Venus' looking-glass,N,47267,8126,79440
Triphysaria eriantha subsp. eriantha,butter-and-eggs,N,53279,8129,59332
Triphysaria pusilla,,N,47296,8133,57276
Triphysaria versicolor subsp. faucibarbata,,N,53281,8135,60737
Trisetum canescens,,N,47326,8139,64229
Triteleia hyacinthina,white brodiaea,N,47356,8154,57132
Triteleia laxa,Ithuriel's spear,N,47359,8160,51085
Triteleia peduncularis,,N,47363,8164,57133
Tropaeolum majus,garden nasturtium,X,47408,8167,54329
Tropidocarpum capparideum,caper-fruited tropidocarpum,N,47411,8168,79456,1255,1B.1
Tropidocarpum gracile,,N,47412,8169,58091
Turritis glabra,tower mustard,N,47457,12119,79460
Typha angustifolia,narrow-leaved cattail,X,47462,8176,60316
Typha domingensis,southern cattail,N,47463,8177,58392
Typha latifolia,cattail,N,47466,8178,48685
Ulmus minor,English elm,X,47478,8180,79461
Umbellularia californica,California bay,N,47489,8183,48807
Uropappus lindleyi,silver puffs,N,76212,8184,50806
Urospermum picroides,false hawkbit,X,5477,8185,59361
Urtica dioica subsp. holosericea,hoary nettle,N,53303,8187,141851
Urtica urens,dwarf nettle,X,47589,8188,53315
Vaccinium ovatum,"California huckleberry,evergreen huckleberry",N,47685,8200,48349
Vancouveria planipetala,inside-out flower,N,47786,8215,63938
Velezia rigida,,X,47814,8216,79481
Verbascum blattaria,moth mullein,X,47833,8224,59028
Verbascum thapsus,woolly mullein,X,47846,8226,59029
Verbena hastata,,N,47903,8232,60251
Verbena lasiostachys var. lasiostachys,,N,74067,8234,53332
Verbena lasiostachys var. scabrida,,N,76871,8235,53319
Verbena litoralis,,X,47909,8236,64179
Verbesina encelioides subsp. exauriculata,golden crownbeard,X,6252,8241,80268
Veronica americana,American brooklime,N,47941,8242,57277
Veronica anagallis-aquatica,water speedwell,X,47942,8243,57858
Veronica arvensis,,X,47950,8244,55748
Veronica catenata,chain speedwell,X,47944,8246,79496
Veronica peregrina subsp. xalapensis,purslane speedwell,N,53337,8252,491173
Veronica persica,Persian speedwell,X,47976,8253,55666
Viburnum ellipticum,western viburnum,N,48020,8259,79500,2056,2B.3
Vicia americana subsp. americana,American vetch,N,53345,10448,53321
Vicia benghalensis,purple vetch,X,48060,8261,53333
Vicia disperma,,X,48066,8263,79502
Vicia gigantea,giant vetch,N,48092,8265,53322
Vicia hassei,slender vetch,N,48071,8266,57313
Vicia sativa subsp. nigra,common vetch,X,53355,8272,710103
Vicia sativa subsp. sativa,spring vetch,X,53356,8273,53334
Vicia villosa subsp. varia,winter vetch,X,53358,8275,57316
Vicia villosa subsp. villosa,hairy vetch,X,53359,8276,57315
Vinca major,greater periwinkle,X,48131,8280,53326
Viola adunca subsp. adunca,western blue violet,N,79074,11116,53339
Viola douglasii,Douglas violet,N,48202,8288,79508
Viola glabella,stream violet,N,48214,8289,71113
Viola pedunculata,johnny-jump-up,N,48273,8300,50825
Viola purpurea subsp. purpurea,mountain violet,N,53409,8312,80281
Viola purpurea subsp. quercetorum,,N,53410,8313,80282
Viola sempervirens,evergreen violet,N,48307,8315,55342
Viola sheltonii,fan violet,N,48311,8316,70394
Vitis californica,California grape,N,48407,8321,63923
Woodwardia fimbriata,giant chain fern,N,48619,8355,52685
Wyethia angustifolia,narrowleaf mule-ears,N,5572,8356,56987
Wyethia glabra,mules ears,N,5578,8359,56988
Wyethia helenioides,woolly mules ears,N,5579,8360,50799
Xanthium spinosum,spiny cocklebur,X,5590,8366,58045
Xanthium strumarium,cocklebur,N,5591,8367,57920
Yabea microcarpa,California hedge parsley,N,48745,8373,56847
Zannichellia palustris,horned-pondweed,N,48827,8379,79546
Zantedeschia aethiopica,calla-lily,X,48829,8380,56006
Zeltnera davyi,conchalagua,N,81827,11122,79548
Zeltnera muehlenbergii,,N,81829,11124,79550
Zeltnera trichantha,,N,81830,11126,79552
Zostera marina,eel-grass,N,48950,8392,52614
